timestamp, utilization.gpu [%], utilization.memory [%], memory.used [MiB], memory.total [MiB], power.draw [W], temperature.gpu
2026/04/29 19:50:05.845, 0 %, 0 %, 76935 MiB, 81920 MiB, 64.68 W, 34
2026/04/29 19:50:06.847, 0 %, 0 %, 76935 MiB, 81920 MiB, 64.46 W, 34
2026/04/29 19:50:07.848, 0 %, 0 %, 76935 MiB, 81920 MiB, 64.50 W, 34
2026/04/29 19:50:08.848, 0 %, 0 %, 76935 MiB, 81920 MiB, 64.60 W, 34
2026/04/29 19:50:09.848, 99 %, 89 %, 76935 MiB, 81920 MiB, 250.25 W, 37
2026/04/29 19:50:10.848, 99 %, 89 %, 76935 MiB, 81920 MiB, 253.54 W, 37
2026/04/29 19:50:11.849, 99 %, 89 %, 76935 MiB, 81920 MiB, 251.09 W, 38
2026/04/29 19:50:12.849, 99 %, 89 %, 76935 MiB, 81920 MiB, 252.13 W, 38
2026/04/29 19:50:13.849, 99 %, 89 %, 76935 MiB, 81920 MiB, 253.11 W, 38
2026/04/29 19:50:14.849, 99 %, 89 %, 76935 MiB, 81920 MiB, 253.33 W, 38
2026/04/29 19:50:15.850, 99 %, 89 %, 76935 MiB, 81920 MiB, 253.92 W, 39
2026/04/29 19:50:16.850, 99 %, 89 %, 76935 MiB, 81920 MiB, 246.69 W, 39
2026/04/29 19:50:17.850, 99 %, 88 %, 76935 MiB, 81920 MiB, 245.90 W, 39
2026/04/29 19:50:18.850, 99 %, 89 %, 76935 MiB, 81920 MiB, 248.87 W, 39
2026/04/29 19:50:19.851, 99 %, 89 %, 76935 MiB, 81920 MiB, 248.46 W, 40
2026/04/29 19:50:20.851, 99 %, 89 %, 76935 MiB, 81920 MiB, 248.24 W, 40
2026/04/29 19:50:21.851, 69 %, 61 %, 76935 MiB, 81920 MiB, 248.60 W, 40
2026/04/29 19:50:23.103, 99 %, 89 %, 76935 MiB, 81920 MiB, 82.34 W, 40
2026/04/29 19:50:24.103, 99 %, 89 %, 76935 MiB, 81920 MiB, 78.06 W, 41
2026/04/29 19:50:25.103, 77 %, 68 %, 76935 MiB, 81920 MiB, 245.53 W, 40
2026/04/29 19:50:26.103, 99 %, 89 %, 76935 MiB, 81920 MiB, 70.53 W, 40
2026/04/29 19:50:27.105, 99 %, 88 %, 76935 MiB, 81920 MiB, 69.08 W, 39
2026/04/29 19:50:28.105, 83 %, 74 %, 76935 MiB, 81920 MiB, 72.31 W, 41
2026/04/29 19:50:29.105, 99 %, 88 %, 76935 MiB, 81920 MiB, 67.84 W, 41
2026/04/29 19:50:30.105, 99 %, 89 %, 76935 MiB, 81920 MiB, 249.18 W, 40
2026/04/29 19:50:31.106, 92 %, 82 %, 76935 MiB, 81920 MiB, 66.93 W, 41
2026/04/29 19:50:32.106, 99 %, 88 %, 76935 MiB, 81920 MiB, 250.93 W, 41
2026/04/29 19:50:33.107, 99 %, 89 %, 76935 MiB, 81920 MiB, 251.02 W, 40
2026/04/29 19:50:34.107, 99 %, 89 %, 76935 MiB, 81920 MiB, 66.45 W, 41
2026/04/29 19:50:35.107, 99 %, 89 %, 76935 MiB, 81920 MiB, 250.55 W, 41
2026/04/29 19:50:36.380, 10 %, 8 %, 76935 MiB, 81920 MiB, 66.72 W, 41
2026/04/29 19:50:37.380, 26 %, 23 %, 76935 MiB, 81920 MiB, 66.93 W, 40
2026/04/29 19:50:38.380, 99 %, 88 %, 76935 MiB, 81920 MiB, 69.92 W, 42
2026/04/29 19:50:39.380, 23 %, 21 %, 76935 MiB, 81920 MiB, 67.04 W, 41
2026/04/29 19:50:40.381, 20 %, 17 %, 76935 MiB, 81920 MiB, 109.70 W, 42
2026/04/29 19:50:41.381, 99 %, 88 %, 76935 MiB, 81920 MiB, 71.52 W, 42
2026/04/29 19:50:42.381, 13 %, 12 %, 76935 MiB, 81920 MiB, 67.43 W, 42
2026/04/29 19:50:43.843, 99 %, 88 %, 76935 MiB, 81920 MiB, 251.78 W, 44
2026/04/29 19:50:44.843, 99 %, 89 %, 76935 MiB, 81920 MiB, 248.24 W, 44
2026/04/29 19:50:45.843, 7 %, 6 %, 76935 MiB, 81920 MiB, 248.90 W, 41
2026/04/29 19:50:46.844, 99 %, 89 %, 76935 MiB, 81920 MiB, 248.51 W, 44
2026/04/29 19:50:47.844, 99 %, 88 %, 76935 MiB, 81920 MiB, 252.57 W, 44
2026/04/29 19:50:48.844, 0 %, 0 %, 76935 MiB, 81920 MiB, 251.81 W, 44
2026/04/29 19:50:49.844, 99 %, 89 %, 76935 MiB, 81920 MiB, 248.07 W, 44
2026/04/29 19:50:50.845, 99 %, 89 %, 76935 MiB, 81920 MiB, 251.21 W, 44
2026/04/29 19:50:51.845, 0 %, 0 %, 76935 MiB, 81920 MiB, 251.73 W, 45
2026/04/29 19:50:52.845, 99 %, 89 %, 76935 MiB, 81920 MiB, 247.77 W, 45
2026/04/29 19:50:54.149, 80 %, 72 %, 76935 MiB, 81920 MiB, 215.91 W, 43
2026/04/29 19:50:55.150, 78 %, 69 %, 76935 MiB, 81920 MiB, 161.49 W, 43
2026/04/29 19:50:56.150, 99 %, 89 %, 76935 MiB, 81920 MiB, 251.42 W, 45
2026/04/29 19:50:57.150, 73 %, 65 %, 76935 MiB, 81920 MiB, 112.25 W, 43
2026/04/29 19:50:58.150, 72 %, 64 %, 76935 MiB, 81920 MiB, 104.29 W, 43
2026/04/29 19:50:59.151, 99 %, 88 %, 76935 MiB, 81920 MiB, 69.57 W, 45
2026/04/29 19:51:00.151, 66 %, 59 %, 76935 MiB, 81920 MiB, 82.45 W, 43
2026/04/29 19:51:01.151, 63 %, 56 %, 76935 MiB, 81920 MiB, 76.39 W, 44
2026/04/29 19:51:02.151, 62 %, 55 %, 76935 MiB, 81920 MiB, 252.13 W, 44
2026/04/29 19:51:03.152, 58 %, 52 %, 76935 MiB, 81920 MiB, 71.86 W, 44
2026/04/29 19:51:04.152, 99 %, 88 %, 76935 MiB, 81920 MiB, 250.65 W, 44
2026/04/29 19:51:05.152, 54 %, 48 %, 76935 MiB, 81920 MiB, 71.62 W, 44
2026/04/29 19:51:06.152, 50 %, 45 %, 76935 MiB, 81920 MiB, 69.36 W, 44
2026/04/29 19:51:07.449, 48 %, 42 %, 76935 MiB, 81920 MiB, 246.94 W, 45
2026/04/29 19:51:08.449, 0 %, 0 %, 76935 MiB, 81920 MiB, 249.60 W, 46
2026/04/29 19:51:09.449, 99 %, 88 %, 76935 MiB, 81920 MiB, 253.36 W, 46
2026/04/29 19:51:10.580, 99 %, 89 %, 76935 MiB, 81920 MiB, 254.67 W, 47
2026/04/29 19:51:11.581, 99 %, 88 %, 76935 MiB, 81920 MiB, 253.37 W, 47
2026/04/29 19:51:12.581, 99 %, 87 %, 76935 MiB, 81920 MiB, 280.51 W, 47
2026/04/29 19:51:13.742, 99 %, 87 %, 76935 MiB, 81920 MiB, 277.94 W, 48
2026/04/29 19:51:14.742, 99 %, 87 %, 76935 MiB, 81920 MiB, 275.10 W, 48
2026/04/29 19:51:15.742, 99 %, 87 %, 76935 MiB, 81920 MiB, 253.27 W, 48
2026/04/29 19:51:16.890, 99 %, 88 %, 76935 MiB, 81920 MiB, 257.65 W, 49
2026/04/29 19:51:17.891, 99 %, 87 %, 76935 MiB, 81920 MiB, 260.81 W, 49
2026/04/29 19:51:18.891, 99 %, 89 %, 76935 MiB, 81920 MiB, 259.15 W, 49
2026/04/29 19:51:20.053, 99 %, 89 %, 76935 MiB, 81920 MiB, 259.84 W, 49
2026/04/29 19:51:21.053, 99 %, 88 %, 76935 MiB, 81920 MiB, 259.35 W, 50
2026/04/29 19:51:22.053, 99 %, 87 %, 76935 MiB, 81920 MiB, 278.39 W, 50
2026/04/29 19:51:23.212, 99 %, 89 %, 76935 MiB, 81920 MiB, 283.15 W, 51
2026/04/29 19:51:24.213, 99 %, 88 %, 76935 MiB, 81920 MiB, 280.33 W, 51
2026/04/29 19:51:25.213, 99 %, 88 %, 76935 MiB, 81920 MiB, 260.23 W, 51
2026/04/29 19:51:26.424, 99 %, 86 %, 76935 MiB, 81920 MiB, 258.41 W, 51
2026/04/29 19:51:27.424, 99 %, 87 %, 76935 MiB, 81920 MiB, 258.90 W, 52
2026/04/29 19:51:28.424, 99 %, 88 %, 76935 MiB, 81920 MiB, 256.96 W, 52
2026/04/29 19:51:29.574, 99 %, 89 %, 76935 MiB, 81920 MiB, 261.10 W, 52
2026/04/29 19:51:30.575, 99 %, 88 %, 76935 MiB, 81920 MiB, 259.27 W, 53
2026/04/29 19:51:31.575, 99 %, 88 %, 76935 MiB, 81920 MiB, 284.67 W, 53
2026/04/29 19:51:32.734, 99 %, 87 %, 76935 MiB, 81920 MiB, 277.45 W, 54
2026/04/29 19:51:33.735, 99 %, 86 %, 76935 MiB, 81920 MiB, 284.67 W, 54
2026/04/29 19:51:34.735, 99 %, 88 %, 76935 MiB, 81920 MiB, 261.31 W, 54
2026/04/29 19:51:35.893, 99 %, 88 %, 76935 MiB, 81920 MiB, 262.64 W, 54
2026/04/29 19:51:36.893, 99 %, 87 %, 76935 MiB, 81920 MiB, 265.05 W, 54
2026/04/29 19:51:37.893, 99 %, 89 %, 76935 MiB, 81920 MiB, 262.36 W, 54
2026/04/29 19:51:39.047, 99 %, 87 %, 76935 MiB, 81920 MiB, 265.48 W, 54
2026/04/29 19:51:40.048, 99 %, 89 %, 76935 MiB, 81920 MiB, 262.93 W, 54
2026/04/29 19:51:41.048, 99 %, 88 %, 76935 MiB, 81920 MiB, 281.92 W, 55
2026/04/29 19:51:42.198, 99 %, 89 %, 76935 MiB, 81920 MiB, 279.67 W, 55
2026/04/29 19:51:43.198, 99 %, 87 %, 76935 MiB, 81920 MiB, 283.24 W, 55
2026/04/29 19:51:44.198, 99 %, 87 %, 76935 MiB, 81920 MiB, 263.44 W, 54
2026/04/29 19:51:45.362, 99 %, 87 %, 76935 MiB, 81920 MiB, 263.45 W, 54
2026/04/29 19:51:46.363, 99 %, 88 %, 76935 MiB, 81920 MiB, 261.91 W, 54
2026/04/29 19:51:47.363, 99 %, 89 %, 76935 MiB, 81920 MiB, 261.97 W, 54
2026/04/29 19:51:48.516, 99 %, 88 %, 76935 MiB, 81920 MiB, 262.13 W, 54
2026/04/29 19:51:49.516, 99 %, 89 %, 76935 MiB, 81920 MiB, 262.36 W, 54
2026/04/29 19:51:50.516, 99 %, 87 %, 76935 MiB, 81920 MiB, 283.51 W, 55
2026/04/29 19:51:51.676, 99 %, 87 %, 76935 MiB, 81920 MiB, 286.89 W, 55
2026/04/29 19:51:52.676, 99 %, 89 %, 76935 MiB, 81920 MiB, 288.53 W, 55
2026/04/29 19:51:53.676, 99 %, 86 %, 76935 MiB, 81920 MiB, 278.89 W, 54
2026/04/29 19:51:54.835, 99 %, 88 %, 76935 MiB, 81920 MiB, 268.19 W, 55
2026/04/29 19:51:55.835, 99 %, 87 %, 76935 MiB, 81920 MiB, 264.82 W, 55
2026/04/29 19:51:56.835, 99 %, 88 %, 76935 MiB, 81920 MiB, 263.45 W, 55
2026/04/29 19:51:57.990, 99 %, 88 %, 76935 MiB, 81920 MiB, 264.22 W, 55
2026/04/29 19:51:58.990, 99 %, 88 %, 76935 MiB, 81920 MiB, 261.31 W, 55
2026/04/29 19:51:59.990, 99 %, 89 %, 76935 MiB, 81920 MiB, 286.32 W, 55
2026/04/29 19:52:01.146, 99 %, 88 %, 76935 MiB, 81920 MiB, 275.26 W, 55
2026/04/29 19:52:02.147, 99 %, 89 %, 76935 MiB, 81920 MiB, 265.93 W, 55
2026/04/29 19:52:03.147, 99 %, 87 %, 76935 MiB, 81920 MiB, 264.98 W, 55
2026/04/29 19:52:04.313, 99 %, 88 %, 76935 MiB, 81920 MiB, 288.99 W, 55
2026/04/29 19:52:05.314, 99 %, 87 %, 76935 MiB, 81920 MiB, 289.21 W, 55
2026/04/29 19:52:06.314, 99 %, 88 %, 76935 MiB, 81920 MiB, 263.42 W, 55
2026/04/29 19:52:07.478, 99 %, 87 %, 76935 MiB, 81920 MiB, 266.22 W, 55
2026/04/29 19:52:08.479, 99 %, 87 %, 76935 MiB, 81920 MiB, 260.86 W, 55
2026/04/29 19:52:09.479, 99 %, 88 %, 76935 MiB, 81920 MiB, 264.69 W, 55
2026/04/29 19:52:10.631, 99 %, 85 %, 76935 MiB, 81920 MiB, 309.26 W, 56
2026/04/29 19:52:11.631, 99 %, 84 %, 76935 MiB, 81920 MiB, 288.80 W, 56
2026/04/29 19:52:12.631, 99 %, 85 %, 76935 MiB, 81920 MiB, 298.52 W, 56
2026/04/29 19:52:13.632, 99 %, 85 %, 76935 MiB, 81920 MiB, 297.14 W, 56
2026/04/29 19:52:14.632, 99 %, 84 %, 76935 MiB, 81920 MiB, 297.17 W, 56
2026/04/29 19:52:15.632, 99 %, 84 %, 76935 MiB, 81920 MiB, 286.89 W, 56
2026/04/29 19:52:16.632, 99 %, 84 %, 76935 MiB, 81920 MiB, 291.86 W, 57
2026/04/29 19:52:17.633, 99 %, 85 %, 76935 MiB, 81920 MiB, 281.12 W, 57
2026/04/29 19:52:18.633, 99 %, 85 %, 76935 MiB, 81920 MiB, 291.52 W, 57
2026/04/29 19:52:19.636, 99 %, 84 %, 76935 MiB, 81920 MiB, 289.40 W, 57
2026/04/29 19:52:20.636, 99 %, 84 %, 76935 MiB, 81920 MiB, 283.42 W, 57
2026/04/29 19:52:21.724, 99 %, 85 %, 76935 MiB, 81920 MiB, 294.66 W, 57
2026/04/29 19:52:22.725, 99 %, 85 %, 76935 MiB, 81920 MiB, 299.45 W, 57
2026/04/29 19:52:23.725, 99 %, 84 %, 76935 MiB, 81920 MiB, 299.87 W, 57
2026/04/29 19:52:24.865, 99 %, 84 %, 76935 MiB, 81920 MiB, 297.47 W, 57
2026/04/29 19:52:25.865, 99 %, 85 %, 76935 MiB, 81920 MiB, 299.00 W, 57
2026/04/29 19:52:26.865, 99 %, 85 %, 76935 MiB, 81920 MiB, 310.50 W, 58
2026/04/29 19:52:28.005, 99 %, 84 %, 76935 MiB, 81920 MiB, 317.29 W, 58
2026/04/29 19:52:29.006, 99 %, 84 %, 76935 MiB, 81920 MiB, 295.06 W, 58
2026/04/29 19:52:30.006, 99 %, 85 %, 76935 MiB, 81920 MiB, 308.69 W, 58
2026/04/29 19:52:31.151, 99 %, 84 %, 76935 MiB, 81920 MiB, 289.57 W, 58
2026/04/29 19:52:32.151, 99 %, 84 %, 76935 MiB, 81920 MiB, 298.71 W, 58
2026/04/29 19:52:33.152, 99 %, 84 %, 76935 MiB, 81920 MiB, 296.51 W, 58
2026/04/29 19:52:34.273, 99 %, 84 %, 76935 MiB, 81920 MiB, 305.02 W, 58
2026/04/29 19:52:35.273, 99 %, 84 %, 76935 MiB, 81920 MiB, 284.48 W, 58
2026/04/29 19:52:36.273, 99 %, 84 %, 76935 MiB, 81920 MiB, 303.80 W, 58
2026/04/29 19:52:37.387, 99 %, 84 %, 76935 MiB, 81920 MiB, 305.60 W, 58
2026/04/29 19:52:38.387, 99 %, 84 %, 76935 MiB, 81920 MiB, 315.85 W, 59
2026/04/29 19:52:39.387, 99 %, 84 %, 76935 MiB, 81920 MiB, 283.54 W, 58
2026/04/29 19:52:40.521, 99 %, 85 %, 76935 MiB, 81920 MiB, 294.49 W, 59
2026/04/29 19:52:41.522, 99 %, 85 %, 76935 MiB, 81920 MiB, 291.12 W, 59
2026/04/29 19:52:42.522, 99 %, 84 %, 76935 MiB, 81920 MiB, 295.73 W, 59
2026/04/29 19:52:43.655, 99 %, 85 %, 76935 MiB, 81920 MiB, 276.20 W, 59
2026/04/29 19:52:44.656, 99 %, 84 %, 76935 MiB, 81920 MiB, 292.08 W, 59
2026/04/29 19:52:45.656, 99 %, 84 %, 76935 MiB, 81920 MiB, 296.31 W, 59
2026/04/29 19:52:46.824, 99 %, 85 %, 76935 MiB, 81920 MiB, 316.30 W, 59
2026/04/29 19:52:47.824, 99 %, 85 %, 76935 MiB, 81920 MiB, 313.65 W, 60
2026/04/29 19:52:48.825, 99 %, 85 %, 76935 MiB, 81920 MiB, 288.61 W, 60
2026/04/29 19:52:49.978, 99 %, 84 %, 76935 MiB, 81920 MiB, 303.98 W, 60
2026/04/29 19:52:50.978, 99 %, 84 %, 76935 MiB, 81920 MiB, 290.73 W, 60
2026/04/29 19:52:51.978, 99 %, 84 %, 76935 MiB, 81920 MiB, 302.07 W, 60
2026/04/29 19:52:53.114, 99 %, 84 %, 76935 MiB, 81920 MiB, 310.48 W, 61
2026/04/29 19:52:54.115, 99 %, 84 %, 76935 MiB, 81920 MiB, 287.45 W, 61
2026/04/29 19:52:55.115, 99 %, 84 %, 76935 MiB, 81920 MiB, 315.20 W, 61
2026/04/29 19:52:56.248, 99 %, 84 %, 76935 MiB, 81920 MiB, 290.86 W, 61
2026/04/29 19:52:57.248, 99 %, 84 %, 76935 MiB, 81920 MiB, 308.96 W, 61
2026/04/29 19:52:58.249, 99 %, 84 %, 76935 MiB, 81920 MiB, 307.25 W, 61
2026/04/29 19:52:59.395, 99 %, 84 %, 76935 MiB, 81920 MiB, 298.34 W, 61
2026/04/29 19:53:00.395, 99 %, 84 %, 76935 MiB, 81920 MiB, 291.70 W, 61
2026/04/29 19:53:01.396, 99 %, 84 %, 76935 MiB, 81920 MiB, 292.75 W, 61
2026/04/29 19:53:02.527, 99 %, 84 %, 76935 MiB, 81920 MiB, 286.69 W, 62
2026/04/29 19:53:03.527, 99 %, 85 %, 76935 MiB, 81920 MiB, 325.12 W, 62
2026/04/29 19:53:04.527, 99 %, 84 %, 76935 MiB, 81920 MiB, 290.65 W, 62
2026/04/29 19:53:05.652, 99 %, 85 %, 76935 MiB, 81920 MiB, 304.07 W, 62
2026/04/29 19:53:06.652, 99 %, 84 %, 76935 MiB, 81920 MiB, 292.07 W, 62
2026/04/29 19:53:07.653, 99 %, 84 %, 76935 MiB, 81920 MiB, 300.24 W, 62
2026/04/29 19:53:08.797, 99 %, 84 %, 76935 MiB, 81920 MiB, 308.79 W, 62
2026/04/29 19:53:09.798, 99 %, 88 %, 76935 MiB, 81920 MiB, 154.59 W, 61
2026/04/29 19:53:10.798, 99 %, 80 %, 76935 MiB, 81920 MiB, 285.16 W, 62
2026/04/29 19:53:11.953, 99 %, 80 %, 76935 MiB, 81920 MiB, 275.15 W, 62
2026/04/29 19:53:12.953, 99 %, 80 %, 76935 MiB, 81920 MiB, 283.32 W, 62
2026/04/29 19:53:13.954, 99 %, 80 %, 76935 MiB, 81920 MiB, 289.77 W, 62
2026/04/29 19:53:15.134, 99 %, 80 %, 76935 MiB, 81920 MiB, 283.07 W, 62
2026/04/29 19:53:16.135, 99 %, 80 %, 76935 MiB, 81920 MiB, 289.61 W, 62
2026/04/29 19:53:17.135, 99 %, 79 %, 76935 MiB, 81920 MiB, 289.61 W, 62
2026/04/29 19:53:18.315, 99 %, 80 %, 76935 MiB, 81920 MiB, 295.73 W, 62
2026/04/29 19:53:19.316, 99 %, 80 %, 76935 MiB, 81920 MiB, 289.50 W, 62
2026/04/29 19:53:20.316, 99 %, 81 %, 76935 MiB, 81920 MiB, 290.56 W, 62
2026/04/29 19:53:21.496, 99 %, 80 %, 76935 MiB, 81920 MiB, 296.04 W, 62
2026/04/29 19:53:22.496, 99 %, 81 %, 76935 MiB, 81920 MiB, 300.18 W, 62
2026/04/29 19:53:23.496, 99 %, 81 %, 76935 MiB, 81920 MiB, 293.72 W, 62
2026/04/29 19:53:24.664, 99 %, 80 %, 76935 MiB, 81920 MiB, 299.86 W, 62
2026/04/29 19:53:25.664, 99 %, 80 %, 76935 MiB, 81920 MiB, 299.88 W, 62
2026/04/29 19:53:26.664, 99 %, 81 %, 76935 MiB, 81920 MiB, 300.27 W, 62
2026/04/29 19:53:27.859, 99 %, 80 %, 76935 MiB, 81920 MiB, 298.43 W, 62
2026/04/29 19:53:28.859, 99 %, 79 %, 76935 MiB, 81920 MiB, 295.35 W, 62
2026/04/29 19:53:29.859, 99 %, 80 %, 76935 MiB, 81920 MiB, 294.20 W, 62
2026/04/29 19:53:31.038, 99 %, 80 %, 76935 MiB, 81920 MiB, 280.03 W, 62
2026/04/29 19:53:32.038, 99 %, 80 %, 76935 MiB, 81920 MiB, 289.70 W, 62
2026/04/29 19:53:33.041, 99 %, 79 %, 76935 MiB, 81920 MiB, 293.34 W, 62
2026/04/29 19:53:34.218, 99 %, 80 %, 76935 MiB, 81920 MiB, 286.90 W, 62
2026/04/29 19:53:35.218, 99 %, 80 %, 76935 MiB, 81920 MiB, 289.40 W, 62
2026/04/29 19:53:36.218, 99 %, 80 %, 76935 MiB, 81920 MiB, 286.15 W, 62
2026/04/29 19:53:37.394, 99 %, 80 %, 76935 MiB, 81920 MiB, 289.87 W, 62
2026/04/29 19:53:38.395, 99 %, 80 %, 76935 MiB, 81920 MiB, 291.52 W, 62
2026/04/29 19:53:39.395, 99 %, 81 %, 76935 MiB, 81920 MiB, 287.49 W, 62
2026/04/29 19:53:40.570, 99 %, 81 %, 76935 MiB, 81920 MiB, 295.74 W, 62
2026/04/29 19:53:41.571, 99 %, 81 %, 76935 MiB, 81920 MiB, 300.85 W, 62
2026/04/29 19:53:42.571, 99 %, 80 %, 76935 MiB, 81920 MiB, 302.86 W, 62
2026/04/29 19:53:43.750, 99 %, 80 %, 76935 MiB, 81920 MiB, 298.52 W, 62
2026/04/29 19:53:44.750, 99 %, 79 %, 76935 MiB, 81920 MiB, 294.22 W, 62
2026/04/29 19:53:45.751, 98 %, 80 %, 76935 MiB, 81920 MiB, 298.27 W, 62
2026/04/29 19:53:46.933, 99 %, 79 %, 76935 MiB, 81920 MiB, 298.58 W, 62
2026/04/29 19:53:47.933, 99 %, 80 %, 76935 MiB, 81920 MiB, 300.17 W, 62
2026/04/29 19:53:48.933, 99 %, 80 %, 76935 MiB, 81920 MiB, 306.02 W, 62
2026/04/29 19:53:50.095, 99 %, 81 %, 76935 MiB, 81920 MiB, 293.56 W, 62
2026/04/29 19:53:51.095, 99 %, 81 %, 76935 MiB, 81920 MiB, 278.62 W, 62
2026/04/29 19:53:52.096, 99 %, 80 %, 76935 MiB, 81920 MiB, 286.12 W, 62
2026/04/29 19:53:53.280, 99 %, 80 %, 76935 MiB, 81920 MiB, 287.76 W, 62
2026/04/29 19:53:54.280, 99 %, 81 %, 76935 MiB, 81920 MiB, 286.61 W, 62
2026/04/29 19:53:55.280, 99 %, 81 %, 76935 MiB, 81920 MiB, 294.49 W, 62
2026/04/29 19:53:56.446, 99 %, 81 %, 76935 MiB, 81920 MiB, 288.71 W, 62
2026/04/29 19:53:57.446, 99 %, 80 %, 76935 MiB, 81920 MiB, 290.93 W, 62
2026/04/29 19:53:58.446, 99 %, 80 %, 76935 MiB, 81920 MiB, 291.82 W, 62
2026/04/29 19:53:59.621, 99 %, 80 %, 76935 MiB, 81920 MiB, 293.53 W, 62
2026/04/29 19:54:00.621, 99 %, 80 %, 76935 MiB, 81920 MiB, 302.56 W, 62
2026/04/29 19:54:01.621, 99 %, 81 %, 76935 MiB, 81920 MiB, 296.79 W, 62
2026/04/29 19:54:02.796, 99 %, 80 %, 76935 MiB, 81920 MiB, 299.69 W, 62
2026/04/29 19:54:03.796, 99 %, 80 %, 76935 MiB, 81920 MiB, 300.64 W, 62
2026/04/29 19:54:04.797, 99 %, 81 %, 76935 MiB, 81920 MiB, 300.05 W, 62
2026/04/29 19:54:05.977, 99 %, 80 %, 76935 MiB, 81920 MiB, 297.96 W, 62
2026/04/29 19:54:06.977, 99 %, 81 %, 76935 MiB, 81920 MiB, 287.36 W, 62
2026/04/29 19:54:07.977, 99 %, 80 %, 76935 MiB, 81920 MiB, 296.21 W, 62
2026/04/29 19:54:09.153, 99 %, 81 %, 76935 MiB, 81920 MiB, 280.42 W, 62
2026/04/29 19:54:10.154, 99 %, 81 %, 76935 MiB, 81920 MiB, 296.12 W, 62
2026/04/29 19:54:11.154, 99 %, 79 %, 76935 MiB, 81920 MiB, 277.35 W, 62
2026/04/29 19:54:12.336, 99 %, 78 %, 76935 MiB, 81920 MiB, 291.81 W, 62
2026/04/29 19:54:13.336, 99 %, 77 %, 76935 MiB, 81920 MiB, 297.10 W, 62
2026/04/29 19:54:14.336, 99 %, 77 %, 76935 MiB, 81920 MiB, 289.02 W, 62
2026/04/29 19:54:15.488, 99 %, 77 %, 76935 MiB, 81920 MiB, 286.51 W, 62
2026/04/29 19:54:16.489, 99 %, 78 %, 76935 MiB, 81920 MiB, 292.10 W, 62
2026/04/29 19:54:17.489, 99 %, 77 %, 76935 MiB, 81920 MiB, 291.90 W, 62
2026/04/29 19:54:18.663, 99 %, 77 %, 76935 MiB, 81920 MiB, 287.10 W, 62
2026/04/29 19:54:19.663, 99 %, 77 %, 76935 MiB, 81920 MiB, 290.18 W, 62
2026/04/29 19:54:20.663, 98 %, 77 %, 76935 MiB, 81920 MiB, 293.90 W, 62
2026/04/29 19:54:21.817, 99 %, 77 %, 76935 MiB, 81920 MiB, 297.10 W, 62
2026/04/29 19:54:22.817, 99 %, 77 %, 76935 MiB, 81920 MiB, 297.98 W, 62
2026/04/29 19:54:23.818, 99 %, 77 %, 76935 MiB, 81920 MiB, 292.31 W, 62
2026/04/29 19:54:24.979, 99 %, 77 %, 76935 MiB, 81920 MiB, 294.59 W, 63
2026/04/29 19:54:25.980, 99 %, 77 %, 76935 MiB, 81920 MiB, 296.33 W, 63
2026/04/29 19:54:26.980, 99 %, 77 %, 76935 MiB, 81920 MiB, 292.86 W, 63
2026/04/29 19:54:28.132, 99 %, 77 %, 76935 MiB, 81920 MiB, 295.95 W, 63
2026/04/29 19:54:29.132, 99 %, 76 %, 76935 MiB, 81920 MiB, 292.01 W, 63
2026/04/29 19:54:30.133, 99 %, 76 %, 76935 MiB, 81920 MiB, 295.17 W, 63
2026/04/29 19:54:31.282, 99 %, 76 %, 76935 MiB, 81920 MiB, 278.82 W, 63
2026/04/29 19:54:32.283, 99 %, 77 %, 76935 MiB, 81920 MiB, 294.02 W, 64
2026/04/29 19:54:33.283, 99 %, 77 %, 76935 MiB, 81920 MiB, 292.11 W, 64
2026/04/29 19:54:34.432, 99 %, 77 %, 76935 MiB, 81920 MiB, 293.35 W, 64
2026/04/29 19:54:35.433, 99 %, 78 %, 76935 MiB, 81920 MiB, 296.04 W, 64
2026/04/29 19:54:36.433, 99 %, 77 %, 76935 MiB, 81920 MiB, 294.88 W, 64
2026/04/29 19:54:37.590, 99 %, 77 %, 76935 MiB, 81920 MiB, 292.89 W, 64
2026/04/29 19:54:38.590, 99 %, 77 %, 76935 MiB, 81920 MiB, 294.42 W, 64
2026/04/29 19:54:39.590, 99 %, 76 %, 76935 MiB, 81920 MiB, 290.09 W, 64
2026/04/29 19:54:40.736, 99 %, 77 %, 76935 MiB, 81920 MiB, 290.36 W, 64
2026/04/29 19:54:41.736, 99 %, 78 %, 76935 MiB, 81920 MiB, 300.74 W, 64
2026/04/29 19:54:42.736, 99 %, 77 %, 76935 MiB, 81920 MiB, 294.88 W, 64
2026/04/29 19:54:43.895, 99 %, 77 %, 76935 MiB, 81920 MiB, 294.30 W, 63
2026/04/29 19:54:44.895, 99 %, 77 %, 76935 MiB, 81920 MiB, 277.78 W, 63
2026/04/29 19:54:45.895, 99 %, 77 %, 76935 MiB, 81920 MiB, 294.40 W, 63
2026/04/29 19:54:47.051, 99 %, 77 %, 76935 MiB, 81920 MiB, 299.39 W, 63
2026/04/29 19:54:48.051, 99 %, 77 %, 76935 MiB, 81920 MiB, 293.44 W, 63
2026/04/29 19:54:49.051, 99 %, 77 %, 76935 MiB, 81920 MiB, 302.45 W, 63
2026/04/29 19:54:50.202, 99 %, 77 %, 76935 MiB, 81920 MiB, 280.43 W, 63
2026/04/29 19:54:51.203, 99 %, 77 %, 76935 MiB, 81920 MiB, 295.83 W, 63
2026/04/29 19:54:52.203, 99 %, 77 %, 76935 MiB, 81920 MiB, 294.99 W, 63
2026/04/29 19:54:53.351, 99 %, 77 %, 76935 MiB, 81920 MiB, 293.62 W, 63
2026/04/29 19:54:54.351, 99 %, 77 %, 76935 MiB, 81920 MiB, 291.43 W, 63
2026/04/29 19:54:55.352, 99 %, 77 %, 76935 MiB, 81920 MiB, 294.97 W, 63
2026/04/29 19:54:56.492, 99 %, 77 %, 76935 MiB, 81920 MiB, 285.46 W, 62
2026/04/29 19:54:57.492, 99 %, 77 %, 76935 MiB, 81920 MiB, 296.14 W, 62
2026/04/29 19:54:58.492, 99 %, 77 %, 76935 MiB, 81920 MiB, 297.29 W, 62
2026/04/29 19:54:59.640, 99 %, 77 %, 76935 MiB, 81920 MiB, 295.16 W, 62
2026/04/29 19:55:00.640, 99 %, 77 %, 76935 MiB, 81920 MiB, 289.68 W, 62
2026/04/29 19:55:01.640, 99 %, 77 %, 76935 MiB, 81920 MiB, 297.47 W, 62
2026/04/29 19:55:02.796, 99 %, 77 %, 76935 MiB, 81920 MiB, 294.21 W, 62
2026/04/29 19:55:03.796, 99 %, 77 %, 76935 MiB, 81920 MiB, 280.54 W, 62
2026/04/29 19:55:04.796, 99 %, 77 %, 76935 MiB, 81920 MiB, 294.30 W, 62
2026/04/29 19:55:05.945, 99 %, 77 %, 76935 MiB, 81920 MiB, 297.01 W, 62
2026/04/29 19:55:06.945, 99 %, 77 %, 76935 MiB, 81920 MiB, 296.70 W, 62
2026/04/29 19:55:07.946, 99 %, 77 %, 76935 MiB, 81920 MiB, 299.28 W, 62
2026/04/29 19:55:09.101, 99 %, 77 %, 76935 MiB, 81920 MiB, 278.11 W, 62
2026/04/29 19:55:10.101, 99 %, 77 %, 76935 MiB, 81920 MiB, 284.01 W, 62
2026/04/29 19:55:11.101, 99 %, 79 %, 76935 MiB, 81920 MiB, 297.17 W, 63
2026/04/29 19:55:12.237, 99 %, 76 %, 76935 MiB, 81920 MiB, 280.25 W, 62
2026/04/29 19:55:13.237, 99 %, 76 %, 76935 MiB, 81920 MiB, 276.21 W, 62
2026/04/29 19:55:14.237, 99 %, 76 %, 76935 MiB, 81920 MiB, 301.22 W, 62
2026/04/29 19:55:15.380, 99 %, 76 %, 76935 MiB, 81920 MiB, 292.01 W, 62
2026/04/29 19:55:16.380, 99 %, 76 %, 76935 MiB, 81920 MiB, 296.04 W, 62
2026/04/29 19:55:17.380, 99 %, 76 %, 76935 MiB, 81920 MiB, 297.00 W, 62
2026/04/29 19:55:18.528, 99 %, 76 %, 76935 MiB, 81920 MiB, 300.83 W, 62
2026/04/29 19:55:19.528, 99 %, 76 %, 76935 MiB, 81920 MiB, 301.03 W, 62
2026/04/29 19:55:20.528, 99 %, 76 %, 76935 MiB, 81920 MiB, 301.22 W, 62
2026/04/29 19:55:21.680, 99 %, 76 %, 76935 MiB, 81920 MiB, 278.63 W, 62
2026/04/29 19:55:22.680, 99 %, 74 %, 76935 MiB, 81920 MiB, 291.03 W, 62
2026/04/29 19:55:23.680, 99 %, 76 %, 76935 MiB, 81920 MiB, 297.09 W, 62
2026/04/29 19:55:24.827, 99 %, 75 %, 76935 MiB, 81920 MiB, 294.99 W, 62
2026/04/29 19:55:25.827, 99 %, 75 %, 76935 MiB, 81920 MiB, 297.30 W, 62
2026/04/29 19:55:26.827, 99 %, 76 %, 76935 MiB, 81920 MiB, 300.85 W, 62
2026/04/29 19:55:27.982, 99 %, 76 %, 76935 MiB, 81920 MiB, 296.72 W, 62
2026/04/29 19:55:28.982, 99 %, 76 %, 76935 MiB, 81920 MiB, 299.41 W, 62
2026/04/29 19:55:29.983, 99 %, 76 %, 76935 MiB, 81920 MiB, 298.05 W, 62
2026/04/29 19:55:31.130, 99 %, 76 %, 76935 MiB, 81920 MiB, 281.03 W, 62
2026/04/29 19:55:32.130, 98 %, 76 %, 76935 MiB, 81920 MiB, 286.92 W, 62
2026/04/29 19:55:33.130, 99 %, 75 %, 76935 MiB, 81920 MiB, 291.02 W, 62
2026/04/29 19:55:34.270, 99 %, 76 %, 76935 MiB, 81920 MiB, 294.99 W, 62
2026/04/29 19:55:35.271, 99 %, 76 %, 76935 MiB, 81920 MiB, 298.74 W, 62
2026/04/29 19:55:36.271, 99 %, 76 %, 76935 MiB, 81920 MiB, 294.98 W, 62
2026/04/29 19:55:37.409, 99 %, 76 %, 76935 MiB, 81920 MiB, 300.36 W, 62
2026/04/29 19:55:38.409, 98 %, 76 %, 76935 MiB, 81920 MiB, 301.51 W, 62
2026/04/29 19:55:39.409, 98 %, 76 %, 76935 MiB, 81920 MiB, 300.83 W, 62
2026/04/29 19:55:40.560, 99 %, 76 %, 76935 MiB, 81920 MiB, 293.46 W, 62
2026/04/29 19:55:41.560, 99 %, 77 %, 76935 MiB, 81920 MiB, 292.40 W, 62
2026/04/29 19:55:42.560, 99 %, 76 %, 76935 MiB, 81920 MiB, 296.80 W, 62
2026/04/29 19:55:43.706, 99 %, 76 %, 76935 MiB, 81920 MiB, 303.33 W, 62
2026/04/29 19:55:44.706, 99 %, 76 %, 76935 MiB, 81920 MiB, 294.78 W, 62
2026/04/29 19:55:45.706, 99 %, 76 %, 76935 MiB, 81920 MiB, 299.42 W, 62
2026/04/29 19:55:46.849, 99 %, 76 %, 76935 MiB, 81920 MiB, 299.14 W, 62
2026/04/29 19:55:47.850, 99 %, 76 %, 76935 MiB, 81920 MiB, 298.33 W, 62
2026/04/29 19:55:48.850, 99 %, 76 %, 76935 MiB, 81920 MiB, 301.12 W, 62
2026/04/29 19:55:49.991, 99 %, 76 %, 76935 MiB, 81920 MiB, 294.32 W, 62
2026/04/29 19:55:50.992, 99 %, 76 %, 76935 MiB, 81920 MiB, 282.49 W, 62
2026/04/29 19:55:51.992, 99 %, 76 %, 76935 MiB, 81920 MiB, 284.38 W, 62
2026/04/29 19:55:53.126, 99 %, 76 %, 76935 MiB, 81920 MiB, 297.08 W, 62
2026/04/29 19:55:54.126, 99 %, 76 %, 76935 MiB, 81920 MiB, 294.88 W, 62
2026/04/29 19:55:55.127, 99 %, 76 %, 76935 MiB, 81920 MiB, 297.47 W, 62
2026/04/29 19:55:56.277, 99 %, 76 %, 76935 MiB, 81920 MiB, 301.60 W, 62
2026/04/29 19:55:57.278, 98 %, 76 %, 76935 MiB, 81920 MiB, 295.95 W, 62
2026/04/29 19:55:58.278, 98 %, 76 %, 76935 MiB, 81920 MiB, 293.27 W, 62
2026/04/29 19:55:59.424, 98 %, 75 %, 76935 MiB, 81920 MiB, 287.57 W, 62
2026/04/29 19:56:00.425, 98 %, 76 %, 76935 MiB, 81920 MiB, 288.25 W, 62
2026/04/29 19:56:01.425, 98 %, 76 %, 76935 MiB, 81920 MiB, 300.45 W, 62
2026/04/29 19:56:02.570, 98 %, 76 %, 76935 MiB, 81920 MiB, 294.20 W, 62
2026/04/29 19:56:03.570, 98 %, 76 %, 76935 MiB, 81920 MiB, 299.48 W, 62
2026/04/29 19:56:04.570, 98 %, 76 %, 76935 MiB, 81920 MiB, 298.45 W, 62
2026/04/29 19:56:05.731, 98 %, 75 %, 76935 MiB, 81920 MiB, 299.49 W, 62
2026/04/29 19:56:06.732, 99 %, 75 %, 76935 MiB, 81920 MiB, 294.60 W, 62
2026/04/29 19:56:07.732, 99 %, 76 %, 76935 MiB, 81920 MiB, 300.35 W, 62
2026/04/29 19:56:08.878, 99 %, 76 %, 76935 MiB, 81920 MiB, 306.59 W, 62
2026/04/29 19:56:09.878, 99 %, 75 %, 76935 MiB, 81920 MiB, 278.75 W, 62
2026/04/29 19:56:10.878, 99 %, 76 %, 76935 MiB, 81920 MiB, 304.69 W, 62
2026/04/29 19:56:12.025, 98 %, 80 %, 76935 MiB, 81920 MiB, 301.00 W, 62
2026/04/29 19:56:13.025, 99 %, 74 %, 76935 MiB, 81920 MiB, 290.09 W, 62
2026/04/29 19:56:14.025, 99 %, 74 %, 76935 MiB, 81920 MiB, 286.44 W, 62
2026/04/29 19:56:15.146, 99 %, 74 %, 76935 MiB, 81920 MiB, 289.21 W, 62
2026/04/29 19:56:16.146, 98 %, 74 %, 76935 MiB, 81920 MiB, 284.41 W, 62
2026/04/29 19:56:17.146, 98 %, 74 %, 76935 MiB, 81920 MiB, 289.31 W, 62
2026/04/29 19:56:18.258, 99 %, 74 %, 76935 MiB, 81920 MiB, 287.58 W, 62
2026/04/29 19:56:19.258, 99 %, 74 %, 76935 MiB, 81920 MiB, 286.33 W, 62
2026/04/29 19:56:20.258, 99 %, 74 %, 76935 MiB, 81920 MiB, 275.64 W, 62
2026/04/29 19:56:21.371, 99 %, 73 %, 76935 MiB, 81920 MiB, 297.09 W, 62
2026/04/29 19:56:22.371, 98 %, 74 %, 76935 MiB, 81920 MiB, 287.20 W, 62
2026/04/29 19:56:23.371, 98 %, 74 %, 76935 MiB, 81920 MiB, 298.05 W, 62
2026/04/29 19:56:24.481, 98 %, 74 %, 76935 MiB, 81920 MiB, 306.80 W, 62
2026/04/29 19:56:25.481, 98 %, 74 %, 76935 MiB, 81920 MiB, 294.98 W, 62
2026/04/29 19:56:26.481, 98 %, 73 %, 76935 MiB, 81920 MiB, 287.48 W, 62
2026/04/29 19:56:27.591, 98 %, 74 %, 76935 MiB, 81920 MiB, 287.86 W, 62
2026/04/29 19:56:28.591, 98 %, 74 %, 76935 MiB, 81920 MiB, 290.67 W, 62
2026/04/29 19:56:29.592, 99 %, 74 %, 76935 MiB, 81920 MiB, 294.03 W, 62
2026/04/29 19:56:30.708, 99 %, 74 %, 76935 MiB, 81920 MiB, 285.05 W, 62
2026/04/29 19:56:31.709, 99 %, 74 %, 76935 MiB, 81920 MiB, 279.02 W, 62
2026/04/29 19:56:32.709, 99 %, 74 %, 76935 MiB, 81920 MiB, 286.72 W, 62
2026/04/29 19:56:33.821, 99 %, 74 %, 76935 MiB, 81920 MiB, 286.30 W, 62
2026/04/29 19:56:34.821, 99 %, 74 %, 76935 MiB, 81920 MiB, 289.02 W, 62
2026/04/29 19:56:35.821, 99 %, 74 %, 76935 MiB, 81920 MiB, 286.23 W, 62
2026/04/29 19:56:36.937, 99 %, 74 %, 76935 MiB, 81920 MiB, 288.83 W, 62
2026/04/29 19:56:37.937, 99 %, 74 %, 76935 MiB, 81920 MiB, 280.54 W, 62
2026/04/29 19:56:38.938, 99 %, 74 %, 76935 MiB, 81920 MiB, 300.38 W, 62
2026/04/29 19:56:40.065, 99 %, 74 %, 76935 MiB, 81920 MiB, 285.77 W, 62
2026/04/29 19:56:41.065, 99 %, 74 %, 76935 MiB, 81920 MiB, 295.84 W, 62
2026/04/29 19:56:42.065, 99 %, 74 %, 76935 MiB, 81920 MiB, 284.13 W, 62
2026/04/29 19:56:43.182, 99 %, 74 %, 76935 MiB, 81920 MiB, 286.62 W, 62
2026/04/29 19:56:44.183, 99 %, 74 %, 76935 MiB, 81920 MiB, 297.70 W, 62
2026/04/29 19:56:45.183, 98 %, 74 %, 76935 MiB, 81920 MiB, 285.38 W, 62
2026/04/29 19:56:46.285, 99 %, 74 %, 76935 MiB, 81920 MiB, 294.80 W, 62
2026/04/29 19:56:47.286, 99 %, 73 %, 76935 MiB, 81920 MiB, 290.75 W, 62
2026/04/29 19:56:48.286, 98 %, 75 %, 76935 MiB, 81920 MiB, 286.81 W, 62
2026/04/29 19:56:49.404, 98 %, 74 %, 76935 MiB, 81920 MiB, 291.81 W, 62
2026/04/29 19:56:50.405, 99 %, 74 %, 76935 MiB, 81920 MiB, 288.33 W, 62
2026/04/29 19:56:51.405, 99 %, 74 %, 76935 MiB, 81920 MiB, 288.36 W, 62
2026/04/29 19:56:52.513, 99 %, 74 %, 76935 MiB, 81920 MiB, 276.11 W, 62
2026/04/29 19:56:53.514, 98 %, 74 %, 76935 MiB, 81920 MiB, 280.45 W, 62
2026/04/29 19:56:54.514, 99 %, 74 %, 76935 MiB, 81920 MiB, 285.49 W, 62
2026/04/29 19:56:55.633, 99 %, 74 %, 76935 MiB, 81920 MiB, 289.32 W, 62
2026/04/29 19:56:56.633, 99 %, 74 %, 76935 MiB, 81920 MiB, 286.53 W, 62
2026/04/29 19:56:57.633, 99 %, 74 %, 76935 MiB, 81920 MiB, 287.01 W, 62
2026/04/29 19:56:58.747, 99 %, 74 %, 76935 MiB, 81920 MiB, 280.94 W, 62
2026/04/29 19:56:59.747, 99 %, 74 %, 76935 MiB, 81920 MiB, 285.17 W, 62
2026/04/29 19:57:00.748, 99 %, 74 %, 76935 MiB, 81920 MiB, 288.53 W, 62
2026/04/29 19:57:01.877, 99 %, 73 %, 76935 MiB, 81920 MiB, 287.69 W, 61
2026/04/29 19:57:02.878, 99 %, 73 %, 76935 MiB, 81920 MiB, 286.51 W, 62
2026/04/29 19:57:03.878, 99 %, 73 %, 76935 MiB, 81920 MiB, 278.23 W, 61
2026/04/29 19:57:04.991, 99 %, 74 %, 76935 MiB, 81920 MiB, 290.37 W, 62
2026/04/29 19:57:05.991, 99 %, 74 %, 76935 MiB, 81920 MiB, 285.09 W, 62
2026/04/29 19:57:06.991, 99 %, 74 %, 76935 MiB, 81920 MiB, 285.93 W, 62
2026/04/29 19:57:08.099, 99 %, 74 %, 76935 MiB, 81920 MiB, 289.13 W, 61
2026/04/29 19:57:09.099, 98 %, 74 %, 76935 MiB, 81920 MiB, 291.34 W, 62
2026/04/29 19:57:10.100, 99 %, 75 %, 76935 MiB, 81920 MiB, 292.86 W, 62
2026/04/29 19:57:11.194, 98 %, 74 %, 76935 MiB, 81920 MiB, 290.17 W, 61
2026/04/29 19:57:12.194, 99 %, 80 %, 76935 MiB, 81920 MiB, 294.41 W, 62
2026/04/29 19:57:13.195, 87 %, 77 %, 76935 MiB, 81920 MiB, 279.89 W, 61
2026/04/29 19:57:14.342, 98 %, 72 %, 76935 MiB, 81920 MiB, 287.40 W, 62
2026/04/29 19:57:15.343, 98 %, 72 %, 76935 MiB, 81920 MiB, 290.95 W, 62
2026/04/29 19:57:16.343, 98 %, 72 %, 76935 MiB, 81920 MiB, 297.59 W, 62
2026/04/29 19:57:17.454, 99 %, 72 %, 76935 MiB, 81920 MiB, 290.95 W, 62
2026/04/29 19:57:18.454, 98 %, 72 %, 76935 MiB, 81920 MiB, 295.77 W, 62
2026/04/29 19:57:19.454, 98 %, 71 %, 76935 MiB, 81920 MiB, 286.42 W, 62
2026/04/29 19:57:20.565, 99 %, 72 %, 76935 MiB, 81920 MiB, 297.58 W, 62
2026/04/29 19:57:21.565, 98 %, 72 %, 76935 MiB, 81920 MiB, 310.61 W, 63
2026/04/29 19:57:22.565, 99 %, 72 %, 76935 MiB, 81920 MiB, 301.03 W, 62
2026/04/29 19:57:23.677, 99 %, 72 %, 76935 MiB, 81920 MiB, 288.04 W, 63
2026/04/29 19:57:24.677, 99 %, 71 %, 76935 MiB, 81920 MiB, 294.21 W, 63
2026/04/29 19:57:25.677, 99 %, 72 %, 76935 MiB, 81920 MiB, 296.33 W, 63
2026/04/29 19:57:26.783, 99 %, 72 %, 76935 MiB, 81920 MiB, 295.17 W, 63
2026/04/29 19:57:27.784, 99 %, 72 %, 76935 MiB, 81920 MiB, 287.13 W, 63
2026/04/29 19:57:28.784, 99 %, 72 %, 76935 MiB, 81920 MiB, 289.23 W, 63
2026/04/29 19:57:29.883, 99 %, 72 %, 76935 MiB, 81920 MiB, 298.45 W, 63
2026/04/29 19:57:30.883, 99 %, 72 %, 76935 MiB, 81920 MiB, 307.76 W, 64
2026/04/29 19:57:31.884, 99 %, 73 %, 76935 MiB, 81920 MiB, 298.83 W, 64
2026/04/29 19:57:32.993, 99 %, 72 %, 76935 MiB, 81920 MiB, 296.63 W, 64
2026/04/29 19:57:33.993, 99 %, 72 %, 76935 MiB, 81920 MiB, 305.60 W, 64
2026/04/29 19:57:34.994, 99 %, 72 %, 76935 MiB, 81920 MiB, 305.53 W, 64
2026/04/29 19:57:36.121, 99 %, 72 %, 76935 MiB, 81920 MiB, 291.62 W, 64
2026/04/29 19:57:37.121, 98 %, 71 %, 76935 MiB, 81920 MiB, 293.15 W, 64
2026/04/29 19:57:38.121, 99 %, 72 %, 76935 MiB, 81920 MiB, 304.01 W, 64
2026/04/29 19:57:39.242, 99 %, 72 %, 76935 MiB, 81920 MiB, 310.32 W, 64
2026/04/29 19:57:40.243, 99 %, 73 %, 76935 MiB, 81920 MiB, 301.52 W, 64
2026/04/29 19:57:41.243, 99 %, 72 %, 76935 MiB, 81920 MiB, 304.96 W, 64
2026/04/29 19:57:42.350, 98 %, 72 %, 76935 MiB, 81920 MiB, 295.16 W, 64
2026/04/29 19:57:43.350, 99 %, 72 %, 76935 MiB, 81920 MiB, 299.69 W, 64
2026/04/29 19:57:44.350, 98 %, 72 %, 76935 MiB, 81920 MiB, 299.77 W, 63
2026/04/29 19:57:45.464, 99 %, 72 %, 76935 MiB, 81920 MiB, 299.79 W, 63
2026/04/29 19:57:46.464, 99 %, 72 %, 76935 MiB, 81920 MiB, 282.47 W, 63
2026/04/29 19:57:47.465, 98 %, 71 %, 76935 MiB, 81920 MiB, 294.39 W, 63
2026/04/29 19:57:48.571, 98 %, 71 %, 76935 MiB, 81920 MiB, 287.38 W, 63
2026/04/29 19:57:49.572, 99 %, 72 %, 76935 MiB, 81920 MiB, 277.65 W, 63
2026/04/29 19:57:50.572, 98 %, 72 %, 76935 MiB, 81920 MiB, 321.91 W, 63
2026/04/29 19:57:51.689, 98 %, 71 %, 76935 MiB, 81920 MiB, 292.10 W, 63
2026/04/29 19:57:52.689, 98 %, 72 %, 76935 MiB, 81920 MiB, 292.77 W, 63
2026/04/29 19:57:53.689, 98 %, 72 %, 76935 MiB, 81920 MiB, 297.60 W, 63
2026/04/29 19:57:54.799, 99 %, 72 %, 76935 MiB, 81920 MiB, 299.52 W, 63
2026/04/29 19:57:55.799, 99 %, 72 %, 76935 MiB, 81920 MiB, 311.10 W, 63
2026/04/29 19:57:56.799, 99 %, 71 %, 76935 MiB, 81920 MiB, 277.38 W, 63
2026/04/29 19:57:57.911, 99 %, 72 %, 76935 MiB, 81920 MiB, 293.74 W, 63
2026/04/29 19:57:58.911, 99 %, 72 %, 76935 MiB, 81920 MiB, 288.08 W, 63
2026/04/29 19:57:59.911, 99 %, 72 %, 76935 MiB, 81920 MiB, 293.94 W, 63
2026/04/29 19:58:01.010, 99 %, 72 %, 76935 MiB, 81920 MiB, 281.52 W, 63
2026/04/29 19:58:02.011, 99 %, 72 %, 76935 MiB, 81920 MiB, 293.73 W, 63
2026/04/29 19:58:03.011, 99 %, 72 %, 76935 MiB, 81920 MiB, 294.80 W, 62
2026/04/29 19:58:04.117, 99 %, 72 %, 76935 MiB, 81920 MiB, 298.25 W, 62
2026/04/29 19:58:05.117, 99 %, 72 %, 76935 MiB, 81920 MiB, 293.74 W, 62
2026/04/29 19:58:06.118, 99 %, 71 %, 76935 MiB, 81920 MiB, 293.54 W, 62
2026/04/29 19:58:07.217, 99 %, 72 %, 76935 MiB, 81920 MiB, 299.02 W, 63
2026/04/29 19:58:08.217, 99 %, 72 %, 76935 MiB, 81920 MiB, 294.70 W, 62
2026/04/29 19:58:09.217, 99 %, 72 %, 76935 MiB, 81920 MiB, 290.75 W, 62
2026/04/29 19:58:10.318, 99 %, 72 %, 76935 MiB, 81920 MiB, 293.24 W, 62
2026/04/29 19:58:11.319, 99 %, 72 %, 76935 MiB, 81920 MiB, 296.42 W, 63
2026/04/29 19:58:12.327, 98 %, 72 %, 76935 MiB, 81920 MiB, 274.96 W, 62
2026/04/29 19:58:13.417, 99 %, 84 %, 76935 MiB, 81920 MiB, 312.13 W, 61
2026/04/29 19:58:14.417, 99 %, 67 %, 76935 MiB, 81920 MiB, 293.62 W, 63
2026/04/29 19:58:15.417, 99 %, 66 %, 76935 MiB, 81920 MiB, 317.87 W, 63
2026/04/29 19:58:16.507, 99 %, 66 %, 76935 MiB, 81920 MiB, 293.92 W, 63
2026/04/29 19:58:17.507, 99 %, 66 %, 76935 MiB, 81920 MiB, 292.97 W, 63
2026/04/29 19:58:18.507, 99 %, 66 %, 76935 MiB, 81920 MiB, 298.53 W, 63
2026/04/29 19:58:19.588, 99 %, 65 %, 76935 MiB, 81920 MiB, 300.66 W, 63
2026/04/29 19:58:20.588, 99 %, 66 %, 76935 MiB, 81920 MiB, 295.05 W, 63
2026/04/29 19:58:21.588, 99 %, 66 %, 76935 MiB, 81920 MiB, 300.64 W, 63
2026/04/29 19:58:22.678, 99 %, 66 %, 76935 MiB, 81920 MiB, 285.94 W, 63
2026/04/29 19:58:23.678, 99 %, 66 %, 76935 MiB, 81920 MiB, 299.97 W, 63
2026/04/29 19:58:24.678, 99 %, 66 %, 76935 MiB, 81920 MiB, 309.51 W, 63
2026/04/29 19:58:25.766, 99 %, 65 %, 76935 MiB, 81920 MiB, 292.87 W, 63
2026/04/29 19:58:26.766, 99 %, 65 %, 76935 MiB, 81920 MiB, 302.45 W, 63
2026/04/29 19:58:27.766, 99 %, 65 %, 76935 MiB, 81920 MiB, 296.04 W, 63
2026/04/29 19:58:28.849, 98 %, 65 %, 76935 MiB, 81920 MiB, 291.51 W, 63
2026/04/29 19:58:29.849, 99 %, 66 %, 76935 MiB, 81920 MiB, 300.62 W, 63
2026/04/29 19:58:30.849, 98 %, 66 %, 76935 MiB, 81920 MiB, 291.70 W, 63
2026/04/29 19:58:31.927, 98 %, 66 %, 76935 MiB, 81920 MiB, 286.02 W, 63
2026/04/29 19:58:32.928, 98 %, 65 %, 76935 MiB, 81920 MiB, 281.21 W, 63
2026/04/29 19:58:33.928, 98 %, 65 %, 76935 MiB, 81920 MiB, 290.27 W, 63
2026/04/29 19:58:34.998, 99 %, 66 %, 76935 MiB, 81920 MiB, 300.64 W, 63
2026/04/29 19:58:35.998, 99 %, 66 %, 76935 MiB, 81920 MiB, 303.59 W, 63
2026/04/29 19:58:36.998, 99 %, 66 %, 76935 MiB, 81920 MiB, 287.96 W, 63
2026/04/29 19:58:38.092, 99 %, 66 %, 76935 MiB, 81920 MiB, 274.09 W, 63
2026/04/29 19:58:39.093, 99 %, 67 %, 76935 MiB, 81920 MiB, 299.39 W, 63
2026/04/29 19:58:40.093, 99 %, 65 %, 76935 MiB, 81920 MiB, 293.65 W, 63
2026/04/29 19:58:41.181, 99 %, 66 %, 76935 MiB, 81920 MiB, 297.57 W, 63
2026/04/29 19:58:42.181, 99 %, 65 %, 76935 MiB, 81920 MiB, 297.88 W, 63
2026/04/29 19:58:43.181, 98 %, 65 %, 76935 MiB, 81920 MiB, 304.37 W, 63
2026/04/29 19:58:44.257, 99 %, 66 %, 76935 MiB, 81920 MiB, 291.92 W, 63
2026/04/29 19:58:45.257, 98 %, 66 %, 76935 MiB, 81920 MiB, 305.52 W, 63
2026/04/29 19:58:46.257, 99 %, 66 %, 76935 MiB, 81920 MiB, 285.76 W, 63
2026/04/29 19:58:47.342, 99 %, 66 %, 76935 MiB, 81920 MiB, 299.87 W, 63
2026/04/29 19:58:48.342, 99 %, 66 %, 76935 MiB, 81920 MiB, 295.46 W, 63
2026/04/29 19:58:49.342, 99 %, 65 %, 76935 MiB, 81920 MiB, 303.40 W, 63
2026/04/29 19:58:50.423, 99 %, 66 %, 76935 MiB, 81920 MiB, 302.10 W, 63
2026/04/29 19:58:51.423, 98 %, 65 %, 76935 MiB, 81920 MiB, 306.32 W, 63
2026/04/29 19:58:52.424, 99 %, 66 %, 76935 MiB, 81920 MiB, 300.47 W, 63
2026/04/29 19:58:53.494, 99 %, 66 %, 76935 MiB, 81920 MiB, 302.95 W, 63
2026/04/29 19:58:54.494, 99 %, 65 %, 76935 MiB, 81920 MiB, 290.64 W, 63
2026/04/29 19:58:55.494, 99 %, 67 %, 76935 MiB, 81920 MiB, 298.45 W, 63
2026/04/29 19:58:56.573, 98 %, 65 %, 76935 MiB, 81920 MiB, 305.55 W, 63
2026/04/29 19:58:57.573, 98 %, 65 %, 76935 MiB, 81920 MiB, 296.34 W, 63
2026/04/29 19:58:58.573, 98 %, 66 %, 76935 MiB, 81920 MiB, 295.92 W, 63
2026/04/29 19:58:59.652, 98 %, 65 %, 76935 MiB, 81920 MiB, 301.70 W, 63
2026/04/29 19:59:00.652, 99 %, 66 %, 76935 MiB, 81920 MiB, 278.37 W, 63
2026/04/29 19:59:01.653, 99 %, 66 %, 76935 MiB, 81920 MiB, 307.44 W, 63
2026/04/29 19:59:02.741, 99 %, 66 %, 76935 MiB, 81920 MiB, 309.87 W, 63
2026/04/29 19:59:03.742, 99 %, 65 %, 76935 MiB, 81920 MiB, 293.26 W, 63
2026/04/29 19:59:04.742, 99 %, 66 %, 76935 MiB, 81920 MiB, 308.94 W, 63
2026/04/29 19:59:05.826, 99 %, 65 %, 76935 MiB, 81920 MiB, 301.82 W, 63
2026/04/29 19:59:06.826, 99 %, 65 %, 76935 MiB, 81920 MiB, 293.75 W, 63
2026/04/29 19:59:07.826, 99 %, 66 %, 76935 MiB, 81920 MiB, 289.31 W, 63
2026/04/29 19:59:08.895, 99 %, 65 %, 76935 MiB, 81920 MiB, 287.17 W, 63
2026/04/29 19:59:09.897, 99 %, 65 %, 76935 MiB, 81920 MiB, 301.40 W, 63
2026/04/29 19:59:10.897, 98 %, 66 %, 76935 MiB, 81920 MiB, 302.97 W, 63
2026/04/29 19:59:11.984, 99 %, 66 %, 76935 MiB, 81920 MiB, 288.16 W, 63
2026/04/29 19:59:12.984, 99 %, 66 %, 76935 MiB, 81920 MiB, 298.74 W, 63
2026/04/29 19:59:13.984, 99 %, 75 %, 76935 MiB, 81920 MiB, 289.90 W, 63
2026/04/29 19:59:15.077, 99 %, 65 %, 76935 MiB, 81920 MiB, 306.05 W, 63
2026/04/29 19:59:16.077, 99 %, 62 %, 76935 MiB, 81920 MiB, 310.36 W, 63
2026/04/29 19:59:17.078, 99 %, 63 %, 76935 MiB, 81920 MiB, 310.82 W, 63
2026/04/29 19:59:18.148, 99 %, 62 %, 76935 MiB, 81920 MiB, 311.85 W, 63
2026/04/29 19:59:19.148, 99 %, 62 %, 76935 MiB, 81920 MiB, 295.73 W, 63
2026/04/29 19:59:20.149, 99 %, 62 %, 76935 MiB, 81920 MiB, 293.93 W, 63
2026/04/29 19:59:21.217, 98 %, 63 %, 76935 MiB, 81920 MiB, 288.15 W, 63
2026/04/29 19:59:22.217, 99 %, 62 %, 76935 MiB, 81920 MiB, 291.74 W, 63
2026/04/29 19:59:23.217, 99 %, 62 %, 76935 MiB, 81920 MiB, 285.06 W, 63
2026/04/29 19:59:24.290, 99 %, 62 %, 76935 MiB, 81920 MiB, 294.12 W, 63
2026/04/29 19:59:25.290, 99 %, 62 %, 76935 MiB, 81920 MiB, 293.19 W, 63
2026/04/29 19:59:26.291, 99 %, 62 %, 76935 MiB, 81920 MiB, 300.83 W, 63
2026/04/29 19:59:27.346, 99 %, 62 %, 76935 MiB, 81920 MiB, 308.08 W, 63
2026/04/29 19:59:28.348, 98 %, 62 %, 76935 MiB, 81920 MiB, 307.36 W, 63
2026/04/29 19:59:29.348, 98 %, 63 %, 76935 MiB, 81920 MiB, 302.37 W, 63
2026/04/29 19:59:30.416, 98 %, 62 %, 76935 MiB, 81920 MiB, 290.63 W, 63
2026/04/29 19:59:31.416, 99 %, 62 %, 76935 MiB, 81920 MiB, 295.08 W, 63
2026/04/29 19:59:32.417, 99 %, 62 %, 76935 MiB, 81920 MiB, 294.68 W, 63
2026/04/29 19:59:33.490, 99 %, 63 %, 76935 MiB, 81920 MiB, 298.16 W, 63
2026/04/29 19:59:34.490, 99 %, 62 %, 76935 MiB, 81920 MiB, 292.75 W, 63
2026/04/29 19:59:35.490, 98 %, 62 %, 76935 MiB, 81920 MiB, 292.55 W, 63
2026/04/29 19:59:36.559, 99 %, 62 %, 76935 MiB, 81920 MiB, 305.17 W, 63
2026/04/29 19:59:37.559, 99 %, 62 %, 76935 MiB, 81920 MiB, 303.92 W, 63
2026/04/29 19:59:38.560, 98 %, 62 %, 76935 MiB, 81920 MiB, 293.83 W, 63
2026/04/29 19:59:39.625, 99 %, 62 %, 76935 MiB, 81920 MiB, 296.99 W, 63
2026/04/29 19:59:40.625, 99 %, 62 %, 76935 MiB, 81920 MiB, 298.46 W, 63
2026/04/29 19:59:41.626, 98 %, 62 %, 76935 MiB, 81920 MiB, 304.29 W, 63
2026/04/29 19:59:42.691, 99 %, 62 %, 76935 MiB, 81920 MiB, 292.86 W, 63
2026/04/29 19:59:43.691, 98 %, 62 %, 76935 MiB, 81920 MiB, 291.44 W, 63
2026/04/29 19:59:44.691, 98 %, 62 %, 76935 MiB, 81920 MiB, 280.72 W, 63
2026/04/29 19:59:45.762, 99 %, 62 %, 76935 MiB, 81920 MiB, 295.46 W, 63
2026/04/29 19:59:46.762, 99 %, 62 %, 76935 MiB, 81920 MiB, 289.21 W, 63
2026/04/29 19:59:47.762, 98 %, 62 %, 76935 MiB, 81920 MiB, 288.16 W, 63
2026/04/29 19:59:48.824, 99 %, 62 %, 76935 MiB, 81920 MiB, 293.92 W, 63
2026/04/29 19:59:49.824, 99 %, 62 %, 76935 MiB, 81920 MiB, 297.00 W, 63
2026/04/29 19:59:50.824, 98 %, 62 %, 76935 MiB, 81920 MiB, 294.67 W, 63
2026/04/29 19:59:51.882, 99 %, 62 %, 76935 MiB, 81920 MiB, 315.51 W, 63
2026/04/29 19:59:52.882, 98 %, 62 %, 76935 MiB, 81920 MiB, 306.55 W, 63
2026/04/29 19:59:53.882, 98 %, 62 %, 76935 MiB, 81920 MiB, 294.71 W, 63
2026/04/29 19:59:54.952, 98 %, 62 %, 76935 MiB, 81920 MiB, 295.40 W, 63
2026/04/29 19:59:55.952, 99 %, 62 %, 76935 MiB, 81920 MiB, 290.66 W, 63
2026/04/29 19:59:56.952, 99 %, 63 %, 76935 MiB, 81920 MiB, 292.11 W, 63
2026/04/29 19:59:58.028, 98 %, 62 %, 76935 MiB, 81920 MiB, 286.68 W, 63
2026/04/29 19:59:59.028, 99 %, 62 %, 76935 MiB, 81920 MiB, 300.25 W, 63
2026/04/29 20:00:00.029, 98 %, 62 %, 76935 MiB, 81920 MiB, 294.32 W, 63
2026/04/29 20:00:01.098, 98 %, 62 %, 76935 MiB, 81920 MiB, 288.85 W, 63
2026/04/29 20:00:02.098, 98 %, 63 %, 76935 MiB, 81920 MiB, 295.19 W, 63
2026/04/29 20:00:03.098, 98 %, 62 %, 76935 MiB, 81920 MiB, 283.02 W, 63
2026/04/29 20:00:04.163, 98 %, 62 %, 76935 MiB, 81920 MiB, 301.01 W, 63
2026/04/29 20:00:05.164, 98 %, 62 %, 76935 MiB, 81920 MiB, 305.37 W, 63
2026/04/29 20:00:06.164, 98 %, 62 %, 76935 MiB, 81920 MiB, 301.21 W, 63
2026/04/29 20:00:07.235, 98 %, 62 %, 76935 MiB, 81920 MiB, 299.58 W, 63
2026/04/29 20:00:08.236, 99 %, 62 %, 76935 MiB, 81920 MiB, 298.89 W, 63
2026/04/29 20:00:09.236, 98 %, 62 %, 76935 MiB, 81920 MiB, 295.19 W, 63
2026/04/29 20:00:10.301, 98 %, 62 %, 76935 MiB, 81920 MiB, 288.53 W, 63
2026/04/29 20:00:11.302, 98 %, 62 %, 76935 MiB, 81920 MiB, 295.62 W, 63
2026/04/29 20:00:12.307, 98 %, 62 %, 76935 MiB, 81920 MiB, 290.16 W, 63
2026/04/29 20:00:13.364, 99 %, 62 %, 76935 MiB, 81920 MiB, 287.51 W, 63
2026/04/29 20:00:14.364, 99 %, 66 %, 76935 MiB, 81920 MiB, 297.38 W, 63
2026/04/29 20:00:15.364, 0 %, 0 %, 76935 MiB, 81920 MiB, 85.58 W, 59
