timestamp, utilization.gpu [%], utilization.memory [%], memory.used [MiB], memory.total [MiB]
2026/04/23 05:44:14.599, 0 %, 0 %, 21434 MiB, 24576 MiB
2026/04/23 05:44:15.609, 0 %, 0 %, 21434 MiB, 24576 MiB
2026/04/23 05:44:16.610, 0 %, 0 %, 21434 MiB, 24576 MiB
2026/04/23 05:44:17.610, 0 %, 0 %, 21434 MiB, 24576 MiB
2026/04/23 05:44:18.611, 0 %, 0 %, 21434 MiB, 24576 MiB
2026/04/23 05:44:19.611, 0 %, 0 %, 21434 MiB, 24576 MiB
2026/04/23 05:44:20.611, 0 %, 0 %, 21434 MiB, 24576 MiB
2026/04/23 05:44:21.612, 0 %, 0 %, 21434 MiB, 24576 MiB
2026/04/23 05:44:22.612, 0 %, 0 %, 21434 MiB, 24576 MiB
2026/04/23 05:44:23.613, 0 %, 0 %, 21434 MiB, 24576 MiB
2026/04/23 05:44:24.613, 0 %, 0 %, 21434 MiB, 24576 MiB
2026/04/23 05:44:25.613, 0 %, 0 %, 21434 MiB, 24576 MiB
2026/04/23 05:44:26.614, 0 %, 0 %, 21434 MiB, 24576 MiB
2026/04/23 05:44:27.614, 0 %, 0 %, 21434 MiB, 24576 MiB
2026/04/23 05:44:28.614, 0 %, 0 %, 21434 MiB, 24576 MiB
2026/04/23 05:44:29.615, 0 %, 0 %, 21434 MiB, 24576 MiB
2026/04/23 05:44:30.615, 0 %, 0 %, 21434 MiB, 24576 MiB
2026/04/23 05:44:31.615, 0 %, 0 %, 21434 MiB, 24576 MiB
2026/04/23 05:44:32.615, 0 %, 0 %, 21434 MiB, 24576 MiB
2026/04/23 05:44:33.616, 0 %, 0 %, 21434 MiB, 24576 MiB
2026/04/23 05:44:34.616, 0 %, 0 %, 21434 MiB, 24576 MiB
2026/04/23 05:44:35.617, 0 %, 0 %, 21434 MiB, 24576 MiB
2026/04/23 05:44:36.619, 100 %, 100 %, 21436 MiB, 24576 MiB
2026/04/23 05:44:37.620, 100 %, 100 %, 21436 MiB, 24576 MiB
2026/04/23 05:44:38.620, 100 %, 100 %, 21436 MiB, 24576 MiB
2026/04/23 05:44:39.620, 100 %, 99 %, 21436 MiB, 24576 MiB
2026/04/23 05:44:40.620, 100 %, 99 %, 21436 MiB, 24576 MiB
2026/04/23 05:44:41.624, 100 %, 99 %, 21436 MiB, 24576 MiB
2026/04/23 05:44:42.625, 100 %, 99 %, 21436 MiB, 24576 MiB
2026/04/23 05:44:43.625, 100 %, 99 %, 21436 MiB, 24576 MiB
2026/04/23 05:44:44.625, 100 %, 100 %, 21436 MiB, 24576 MiB
2026/04/23 05:44:45.625, 100 %, 99 %, 21436 MiB, 24576 MiB
2026/04/23 05:44:46.626, 100 %, 100 %, 21436 MiB, 24576 MiB
2026/04/23 05:44:47.626, 100 %, 100 %, 21436 MiB, 24576 MiB
2026/04/23 05:44:48.626, 100 %, 100 %, 21436 MiB, 24576 MiB
2026/04/23 05:44:49.626, 0 %, 0 %, 21436 MiB, 24576 MiB
2026/04/23 05:44:50.627, 100 %, 98 %, 21436 MiB, 24576 MiB
2026/04/23 05:44:51.627, 100 %, 100 %, 21436 MiB, 24576 MiB
2026/04/23 05:44:52.627, 100 %, 99 %, 21436 MiB, 24576 MiB
2026/04/23 05:44:53.627, 100 %, 99 %, 21436 MiB, 24576 MiB
2026/04/23 05:44:54.637, 100 %, 99 %, 21436 MiB, 24576 MiB
2026/04/23 05:44:55.637, 100 %, 99 %, 21436 MiB, 24576 MiB
2026/04/23 05:44:56.637, 100 %, 100 %, 21436 MiB, 24576 MiB
2026/04/23 05:44:57.638, 100 %, 99 %, 21436 MiB, 24576 MiB
2026/04/23 05:44:58.638, 100 %, 99 %, 21436 MiB, 24576 MiB
2026/04/23 05:44:59.638, 100 %, 100 %, 21436 MiB, 24576 MiB
2026/04/23 05:45:00.638, 100 %, 100 %, 21436 MiB, 24576 MiB
2026/04/23 05:45:01.639, 100 %, 99 %, 21436 MiB, 24576 MiB
2026/04/23 05:45:02.639, 100 %, 99 %, 21436 MiB, 24576 MiB
2026/04/23 05:45:03.639, 100 %, 99 %, 21436 MiB, 24576 MiB
2026/04/23 05:45:04.639, 100 %, 99 %, 21436 MiB, 24576 MiB
2026/04/23 05:45:05.639, 100 %, 99 %, 21436 MiB, 24576 MiB
2026/04/23 05:45:06.641, 100 %, 99 %, 21436 MiB, 24576 MiB
2026/04/23 05:45:07.641, 100 %, 99 %, 21436 MiB, 24576 MiB
2026/04/23 05:45:08.641, 100 %, 99 %, 21436 MiB, 24576 MiB
2026/04/23 05:45:09.641, 0 %, 0 %, 21436 MiB, 24576 MiB
2026/04/23 05:45:10.642, 100 %, 100 %, 21436 MiB, 24576 MiB
2026/04/23 05:45:11.642, 100 %, 100 %, 21436 MiB, 24576 MiB
2026/04/23 05:45:12.642, 100 %, 100 %, 21436 MiB, 24576 MiB
2026/04/23 05:45:13.642, 100 %, 100 %, 21436 MiB, 24576 MiB
2026/04/23 05:45:14.643, 100 %, 99 %, 21436 MiB, 24576 MiB
2026/04/23 05:45:15.643, 100 %, 99 %, 21436 MiB, 24576 MiB
2026/04/23 05:45:16.644, 100 %, 99 %, 21436 MiB, 24576 MiB
2026/04/23 05:45:17.644, 100 %, 99 %, 21436 MiB, 24576 MiB
2026/04/23 05:45:18.645, 100 %, 99 %, 21436 MiB, 24576 MiB
2026/04/23 05:45:19.646, 100 %, 99 %, 21436 MiB, 24576 MiB
2026/04/23 05:45:20.646, 100 %, 99 %, 21436 MiB, 24576 MiB
2026/04/23 05:45:21.646, 100 %, 99 %, 21436 MiB, 24576 MiB
2026/04/23 05:45:22.647, 100 %, 99 %, 21436 MiB, 24576 MiB
2026/04/23 05:45:23.647, 100 %, 99 %, 21436 MiB, 24576 MiB
2026/04/23 05:45:24.647, 100 %, 99 %, 21436 MiB, 24576 MiB
2026/04/23 05:45:25.647, 100 %, 99 %, 21436 MiB, 24576 MiB
2026/04/23 05:45:26.648, 100 %, 99 %, 21436 MiB, 24576 MiB
2026/04/23 05:45:27.648, 100 %, 99 %, 21436 MiB, 24576 MiB
2026/04/23 05:45:28.649, 100 %, 99 %, 21436 MiB, 24576 MiB
2026/04/23 05:45:29.649, 100 %, 100 %, 21436 MiB, 24576 MiB
2026/04/23 05:45:30.649, 100 %, 100 %, 21436 MiB, 24576 MiB
2026/04/23 05:45:31.650, 100 %, 99 %, 21436 MiB, 24576 MiB
2026/04/23 05:45:32.651, 100 %, 98 %, 21436 MiB, 24576 MiB
2026/04/23 05:45:33.651, 100 %, 99 %, 21436 MiB, 24576 MiB
2026/04/23 05:45:34.651, 100 %, 99 %, 21436 MiB, 24576 MiB
2026/04/23 05:45:35.651, 100 %, 99 %, 21436 MiB, 24576 MiB
2026/04/23 05:45:36.663, 100 %, 99 %, 21436 MiB, 24576 MiB
2026/04/23 05:45:37.663, 65 %, 65 %, 21436 MiB, 24576 MiB
2026/04/23 05:45:38.664, 100 %, 100 %, 21436 MiB, 24576 MiB
2026/04/23 05:45:39.664, 100 %, 99 %, 21436 MiB, 24576 MiB
2026/04/23 05:45:40.664, 100 %, 99 %, 21436 MiB, 24576 MiB
2026/04/23 05:45:41.664, 100 %, 99 %, 21436 MiB, 24576 MiB
2026/04/23 05:45:42.665, 100 %, 99 %, 21436 MiB, 24576 MiB
2026/04/23 05:45:43.665, 100 %, 99 %, 21436 MiB, 24576 MiB
2026/04/23 05:45:44.671, 100 %, 99 %, 21436 MiB, 24576 MiB
2026/04/23 05:45:45.672, 100 %, 99 %, 21436 MiB, 24576 MiB
2026/04/23 05:45:46.672, 100 %, 99 %, 21436 MiB, 24576 MiB
2026/04/23 05:45:47.674, 100 %, 99 %, 21436 MiB, 24576 MiB
2026/04/23 05:45:48.675, 100 %, 99 %, 21436 MiB, 24576 MiB
2026/04/23 05:45:49.675, 100 %, 99 %, 21436 MiB, 24576 MiB
2026/04/23 05:45:50.675, 100 %, 99 %, 21436 MiB, 24576 MiB
2026/04/23 05:45:51.676, 100 %, 99 %, 21436 MiB, 24576 MiB
2026/04/23 05:45:52.676, 100 %, 99 %, 21436 MiB, 24576 MiB
2026/04/23 05:45:53.676, 100 %, 99 %, 21436 MiB, 24576 MiB
2026/04/23 05:45:54.676, 100 %, 99 %, 21436 MiB, 24576 MiB
2026/04/23 05:45:55.676, 100 %, 99 %, 21436 MiB, 24576 MiB
2026/04/23 05:45:56.677, 100 %, 99 %, 21436 MiB, 24576 MiB
2026/04/23 05:45:57.677, 100 %, 99 %, 21436 MiB, 24576 MiB
2026/04/23 05:45:58.679, 100 %, 99 %, 21436 MiB, 24576 MiB
2026/04/23 05:45:59.679, 100 %, 99 %, 21436 MiB, 24576 MiB
2026/04/23 05:46:00.679, 100 %, 99 %, 21436 MiB, 24576 MiB
2026/04/23 05:46:01.679, 100 %, 99 %, 21436 MiB, 24576 MiB
2026/04/23 05:46:02.679, 100 %, 99 %, 21436 MiB, 24576 MiB
2026/04/23 05:46:03.680, 100 %, 99 %, 21436 MiB, 24576 MiB
2026/04/23 05:46:04.681, 100 %, 99 %, 21436 MiB, 24576 MiB
2026/04/23 05:46:05.681, 100 %, 99 %, 21436 MiB, 24576 MiB
2026/04/23 05:46:06.681, 100 %, 99 %, 21436 MiB, 24576 MiB
2026/04/23 05:46:07.682, 100 %, 99 %, 21436 MiB, 24576 MiB
2026/04/23 05:46:08.682, 100 %, 99 %, 21436 MiB, 24576 MiB
2026/04/23 05:46:09.683, 100 %, 99 %, 21436 MiB, 24576 MiB
2026/04/23 05:46:10.683, 100 %, 99 %, 21436 MiB, 24576 MiB
2026/04/23 05:46:11.684, 100 %, 99 %, 21436 MiB, 24576 MiB
2026/04/23 05:46:12.684, 100 %, 99 %, 21436 MiB, 24576 MiB
2026/04/23 05:46:13.684, 100 %, 99 %, 21436 MiB, 24576 MiB
2026/04/23 05:46:14.684, 100 %, 99 %, 21436 MiB, 24576 MiB
2026/04/23 05:46:15.685, 100 %, 99 %, 21436 MiB, 24576 MiB
2026/04/23 05:46:16.685, 100 %, 99 %, 21436 MiB, 24576 MiB
2026/04/23 05:46:17.685, 100 %, 99 %, 21436 MiB, 24576 MiB
2026/04/23 05:46:18.690, 100 %, 99 %, 21436 MiB, 24576 MiB
2026/04/23 05:46:19.691, 100 %, 99 %, 21436 MiB, 24576 MiB
2026/04/23 05:46:20.691, 100 %, 99 %, 21436 MiB, 24576 MiB
2026/04/23 05:46:21.693, 100 %, 99 %, 21436 MiB, 24576 MiB
2026/04/23 05:46:22.693, 100 %, 99 %, 21436 MiB, 24576 MiB
2026/04/23 05:46:23.693, 100 %, 99 %, 21436 MiB, 24576 MiB
2026/04/23 05:46:24.693, 100 %, 99 %, 21436 MiB, 24576 MiB
2026/04/23 05:46:25.694, 100 %, 99 %, 21436 MiB, 24576 MiB
2026/04/23 05:46:26.694, 100 %, 99 %, 21436 MiB, 24576 MiB
2026/04/23 05:46:27.694, 100 %, 99 %, 21436 MiB, 24576 MiB
2026/04/23 05:46:28.694, 100 %, 99 %, 21436 MiB, 24576 MiB
2026/04/23 05:46:29.695, 100 %, 99 %, 21436 MiB, 24576 MiB
2026/04/23 05:46:30.695, 100 %, 99 %, 21436 MiB, 24576 MiB
2026/04/23 05:46:31.695, 100 %, 99 %, 21436 MiB, 24576 MiB
2026/04/23 05:46:32.696, 100 %, 99 %, 21436 MiB, 24576 MiB
2026/04/23 05:46:33.697, 100 %, 99 %, 21436 MiB, 24576 MiB
2026/04/23 05:46:34.697, 100 %, 99 %, 21436 MiB, 24576 MiB
2026/04/23 05:46:35.697, 100 %, 99 %, 21436 MiB, 24576 MiB
2026/04/23 05:46:36.698, 100 %, 98 %, 21436 MiB, 24576 MiB
2026/04/23 05:46:37.698, 100 %, 99 %, 21436 MiB, 24576 MiB
2026/04/23 05:46:38.698, 100 %, 99 %, 21436 MiB, 24576 MiB
2026/04/23 05:46:39.698, 100 %, 99 %, 21436 MiB, 24576 MiB
2026/04/23 05:46:40.699, 100 %, 99 %, 21436 MiB, 24576 MiB
2026/04/23 05:46:41.699, 100 %, 99 %, 21436 MiB, 24576 MiB
2026/04/23 05:46:42.699, 100 %, 99 %, 21436 MiB, 24576 MiB
2026/04/23 05:46:43.700, 100 %, 98 %, 21436 MiB, 24576 MiB
2026/04/23 05:46:44.700, 100 %, 98 %, 21436 MiB, 24576 MiB
2026/04/23 05:46:45.701, 100 %, 98 %, 21436 MiB, 24576 MiB
2026/04/23 05:46:46.701, 100 %, 98 %, 21436 MiB, 24576 MiB
2026/04/23 05:46:47.702, 100 %, 98 %, 21436 MiB, 24576 MiB
2026/04/23 05:46:48.702, 100 %, 98 %, 21436 MiB, 24576 MiB
2026/04/23 05:46:49.703, 100 %, 98 %, 21436 MiB, 24576 MiB
2026/04/23 05:46:50.703, 100 %, 98 %, 21436 MiB, 24576 MiB
2026/04/23 05:46:51.703, 100 %, 99 %, 21436 MiB, 24576 MiB
2026/04/23 05:46:52.704, 100 %, 99 %, 21436 MiB, 24576 MiB
2026/04/23 05:46:53.704, 100 %, 99 %, 21436 MiB, 24576 MiB
2026/04/23 05:46:54.704, 100 %, 99 %, 21436 MiB, 24576 MiB
2026/04/23 05:46:55.704, 100 %, 99 %, 21436 MiB, 24576 MiB
2026/04/23 05:46:56.705, 100 %, 99 %, 21436 MiB, 24576 MiB
2026/04/23 05:46:57.705, 100 %, 98 %, 21436 MiB, 24576 MiB
2026/04/23 05:46:58.705, 100 %, 99 %, 21436 MiB, 24576 MiB
2026/04/23 05:46:59.706, 100 %, 98 %, 21436 MiB, 24576 MiB
2026/04/23 05:47:00.706, 100 %, 98 %, 21436 MiB, 24576 MiB
2026/04/23 05:47:01.706, 100 %, 98 %, 21436 MiB, 24576 MiB
2026/04/23 05:47:02.706, 100 %, 98 %, 21436 MiB, 24576 MiB
2026/04/23 05:47:03.707, 100 %, 98 %, 21436 MiB, 24576 MiB
2026/04/23 05:47:04.707, 100 %, 99 %, 21436 MiB, 24576 MiB
2026/04/23 05:47:05.707, 100 %, 99 %, 21436 MiB, 24576 MiB
2026/04/23 05:47:06.708, 100 %, 99 %, 21436 MiB, 24576 MiB
2026/04/23 05:47:07.708, 100 %, 99 %, 21436 MiB, 24576 MiB
2026/04/23 05:47:08.708, 100 %, 99 %, 21436 MiB, 24576 MiB
2026/04/23 05:47:09.708, 100 %, 98 %, 21436 MiB, 24576 MiB
2026/04/23 05:47:10.709, 100 %, 98 %, 21436 MiB, 24576 MiB
2026/04/23 05:47:11.710, 100 %, 98 %, 21436 MiB, 24576 MiB
2026/04/23 05:47:12.710, 100 %, 98 %, 21436 MiB, 24576 MiB
2026/04/23 05:47:13.710, 100 %, 98 %, 21436 MiB, 24576 MiB
2026/04/23 05:47:14.711, 100 %, 98 %, 21436 MiB, 24576 MiB
2026/04/23 05:47:15.711, 100 %, 98 %, 21436 MiB, 24576 MiB
2026/04/23 05:47:16.711, 100 %, 100 %, 21436 MiB, 24576 MiB
2026/04/23 05:47:17.711, 100 %, 100 %, 21436 MiB, 24576 MiB
2026/04/23 05:47:18.712, 100 %, 99 %, 21436 MiB, 24576 MiB
2026/04/23 05:47:19.715, 100 %, 99 %, 21436 MiB, 24576 MiB
2026/04/23 05:47:20.715, 100 %, 99 %, 21436 MiB, 24576 MiB
2026/04/23 05:47:21.717, 100 %, 99 %, 21436 MiB, 24576 MiB
2026/04/23 05:47:22.717, 100 %, 98 %, 21436 MiB, 24576 MiB
2026/04/23 05:47:23.717, 100 %, 99 %, 21436 MiB, 24576 MiB
2026/04/23 05:47:24.720, 100 %, 99 %, 21436 MiB, 24576 MiB
2026/04/23 05:47:25.720, 100 %, 99 %, 21436 MiB, 24576 MiB
2026/04/23 05:47:26.720, 100 %, 99 %, 21436 MiB, 24576 MiB
2026/04/23 05:47:27.721, 100 %, 99 %, 21436 MiB, 24576 MiB
2026/04/23 05:47:28.721, 100 %, 99 %, 21436 MiB, 24576 MiB
2026/04/23 05:47:29.722, 100 %, 100 %, 21436 MiB, 24576 MiB
2026/04/23 05:47:30.722, 100 %, 99 %, 21436 MiB, 24576 MiB
2026/04/23 05:47:31.722, 100 %, 99 %, 21436 MiB, 24576 MiB
2026/04/23 05:47:32.722, 100 %, 99 %, 21436 MiB, 24576 MiB
2026/04/23 05:47:33.726, 100 %, 99 %, 21436 MiB, 24576 MiB
2026/04/23 05:47:34.726, 100 %, 99 %, 21436 MiB, 24576 MiB
2026/04/23 05:47:35.726, 100 %, 99 %, 21436 MiB, 24576 MiB
2026/04/23 05:47:36.727, 100 %, 99 %, 21436 MiB, 24576 MiB
2026/04/23 05:47:37.728, 100 %, 99 %, 21436 MiB, 24576 MiB
2026/04/23 05:47:38.728, 100 %, 99 %, 21436 MiB, 24576 MiB
2026/04/23 05:47:39.728, 100 %, 98 %, 21436 MiB, 24576 MiB
2026/04/23 05:47:40.728, 100 %, 98 %, 21436 MiB, 24576 MiB
2026/04/23 05:47:41.729, 100 %, 99 %, 21436 MiB, 24576 MiB
2026/04/23 05:47:42.729, 100 %, 99 %, 21436 MiB, 24576 MiB
2026/04/23 05:47:43.729, 100 %, 98 %, 21436 MiB, 24576 MiB
2026/04/23 05:47:44.730, 100 %, 99 %, 21436 MiB, 24576 MiB
2026/04/23 05:47:45.730, 100 %, 97 %, 21436 MiB, 24576 MiB
2026/04/23 05:47:46.730, 100 %, 99 %, 21436 MiB, 24576 MiB
2026/04/23 05:47:47.730, 100 %, 99 %, 21436 MiB, 24576 MiB
2026/04/23 05:47:48.730, 100 %, 98 %, 21436 MiB, 24576 MiB
2026/04/23 05:47:49.731, 100 %, 98 %, 21436 MiB, 24576 MiB
2026/04/23 05:47:50.731, 100 %, 99 %, 21436 MiB, 24576 MiB
2026/04/23 05:47:51.731, 100 %, 98 %, 21436 MiB, 24576 MiB
2026/04/23 05:47:52.733, 100 %, 98 %, 21436 MiB, 24576 MiB
2026/04/23 05:47:53.734, 100 %, 98 %, 21436 MiB, 24576 MiB
2026/04/23 05:47:54.734, 100 %, 98 %, 21436 MiB, 24576 MiB
2026/04/23 05:47:55.734, 100 %, 99 %, 21436 MiB, 24576 MiB
2026/04/23 05:47:56.734, 100 %, 98 %, 21436 MiB, 24576 MiB
2026/04/23 05:47:57.736, 100 %, 98 %, 21436 MiB, 24576 MiB
2026/04/23 05:47:58.736, 100 %, 98 %, 21436 MiB, 24576 MiB
2026/04/23 05:47:59.736, 100 %, 98 %, 21436 MiB, 24576 MiB
2026/04/23 05:48:00.736, 100 %, 98 %, 21436 MiB, 24576 MiB
2026/04/23 05:48:01.737, 100 %, 98 %, 21436 MiB, 24576 MiB
2026/04/23 05:48:02.737, 100 %, 97 %, 21436 MiB, 24576 MiB
2026/04/23 05:48:03.743, 100 %, 98 %, 21436 MiB, 24576 MiB
2026/04/23 05:48:04.743, 100 %, 98 %, 21436 MiB, 24576 MiB
2026/04/23 05:48:05.744, 100 %, 99 %, 21436 MiB, 24576 MiB
2026/04/23 05:48:06.744, 100 %, 98 %, 21436 MiB, 24576 MiB
2026/04/23 05:48:07.744, 100 %, 99 %, 21436 MiB, 24576 MiB
2026/04/23 05:48:08.744, 100 %, 98 %, 21436 MiB, 24576 MiB
2026/04/23 05:48:09.745, 100 %, 99 %, 21436 MiB, 24576 MiB
2026/04/23 05:48:10.745, 100 %, 98 %, 21436 MiB, 24576 MiB
2026/04/23 05:48:11.745, 100 %, 98 %, 21436 MiB, 24576 MiB
2026/04/23 05:48:12.747, 100 %, 99 %, 21436 MiB, 24576 MiB
2026/04/23 05:48:13.747, 100 %, 98 %, 21436 MiB, 24576 MiB
2026/04/23 05:48:14.748, 100 %, 98 %, 21436 MiB, 24576 MiB
2026/04/23 05:48:15.748, 100 %, 98 %, 21436 MiB, 24576 MiB
2026/04/23 05:48:16.748, 100 %, 98 %, 21436 MiB, 24576 MiB
2026/04/23 05:48:17.749, 100 %, 98 %, 21436 MiB, 24576 MiB
2026/04/23 05:48:18.749, 100 %, 99 %, 21436 MiB, 24576 MiB
2026/04/23 05:48:19.749, 100 %, 98 %, 21436 MiB, 24576 MiB
2026/04/23 05:48:20.750, 100 %, 99 %, 21436 MiB, 24576 MiB
2026/04/23 05:48:21.750, 100 %, 98 %, 21436 MiB, 24576 MiB
2026/04/23 05:48:22.751, 100 %, 98 %, 21436 MiB, 24576 MiB
2026/04/23 05:48:23.751, 100 %, 98 %, 21436 MiB, 24576 MiB
2026/04/23 05:48:24.751, 100 %, 98 %, 21436 MiB, 24576 MiB
2026/04/23 05:48:25.752, 100 %, 98 %, 21436 MiB, 24576 MiB
2026/04/23 05:48:26.752, 100 %, 99 %, 21436 MiB, 24576 MiB
2026/04/23 05:48:27.752, 100 %, 98 %, 21436 MiB, 24576 MiB
2026/04/23 05:48:28.752, 100 %, 98 %, 21436 MiB, 24576 MiB
2026/04/23 05:48:29.753, 100 %, 99 %, 21436 MiB, 24576 MiB
2026/04/23 05:48:30.753, 100 %, 99 %, 21436 MiB, 24576 MiB
2026/04/23 05:48:31.754, 100 %, 99 %, 21436 MiB, 24576 MiB
2026/04/23 05:48:32.754, 100 %, 99 %, 21436 MiB, 24576 MiB
2026/04/23 05:48:33.755, 100 %, 98 %, 21436 MiB, 24576 MiB
2026/04/23 05:48:34.755, 100 %, 98 %, 21436 MiB, 24576 MiB
2026/04/23 05:48:35.755, 100 %, 99 %, 21436 MiB, 24576 MiB
2026/04/23 05:48:36.755, 100 %, 98 %, 21436 MiB, 24576 MiB
2026/04/23 05:48:37.756, 100 %, 98 %, 21436 MiB, 24576 MiB
2026/04/23 05:48:38.756, 100 %, 99 %, 21436 MiB, 24576 MiB
2026/04/23 05:48:39.756, 0 %, 0 %, 21436 MiB, 24576 MiB
2026/04/23 05:48:40.757, 0 %, 0 %, 21436 MiB, 24576 MiB
2026/04/23 05:48:41.757, 0 %, 0 %, 21436 MiB, 24576 MiB
2026/04/23 05:48:42.757, 0 %, 0 %, 21436 MiB, 24576 MiB
2026/04/23 05:48:43.757, 0 %, 0 %, 21436 MiB, 24576 MiB
2026/04/23 05:48:44.758, 0 %, 0 %, 21436 MiB, 24576 MiB
2026/04/23 05:48:45.759, 0 %, 0 %, 21436 MiB, 24576 MiB
2026/04/23 05:48:46.759, 0 %, 0 %, 21436 MiB, 24576 MiB
2026/04/23 05:48:47.759, 0 %, 0 %, 21436 MiB, 24576 MiB
2026/04/23 05:48:48.760, 0 %, 0 %, 21436 MiB, 24576 MiB
2026/04/23 05:48:49.760, 0 %, 0 %, 21436 MiB, 24576 MiB
2026/04/23 05:48:50.760, 0 %, 0 %, 21436 MiB, 24576 MiB
2026/04/23 05:48:51.763, 0 %, 0 %, 21436 MiB, 24576 MiB
2026/04/23 05:48:52.763, 0 %, 0 %, 21436 MiB, 24576 MiB
2026/04/23 05:48:53.763, 0 %, 0 %, 21436 MiB, 24576 MiB
2026/04/23 05:48:54.764, 0 %, 0 %, 21436 MiB, 24576 MiB
2026/04/23 05:48:55.764, 0 %, 0 %, 21436 MiB, 24576 MiB
2026/04/23 05:48:56.765, 0 %, 0 %, 21436 MiB, 24576 MiB
2026/04/23 05:48:57.766, 0 %, 0 %, 21436 MiB, 24576 MiB
2026/04/23 05:48:58.766, 0 %, 0 %, 21436 MiB, 24576 MiB
2026/04/23 05:48:59.766, 0 %, 0 %, 21436 MiB, 24576 MiB
2026/04/23 05:49:00.767, 0 %, 0 %, 21436 MiB, 24576 MiB
2026/04/23 05:49:01.769, 0 %, 0 %, 21436 MiB, 24576 MiB
2026/04/23 05:49:02.769, 0 %, 0 %, 21436 MiB, 24576 MiB
2026/04/23 05:49:03.770, 0 %, 0 %, 21436 MiB, 24576 MiB
2026/04/23 05:49:04.771, 0 %, 0 %, 21436 MiB, 24576 MiB
2026/04/23 05:49:05.771, 0 %, 0 %, 21436 MiB, 24576 MiB
2026/04/23 05:49:06.771, 0 %, 0 %, 21436 MiB, 24576 MiB
2026/04/23 05:49:07.773, 0 %, 0 %, 21436 MiB, 24576 MiB
2026/04/23 05:49:08.773, 0 %, 0 %, 21436 MiB, 24576 MiB
2026/04/23 05:49:09.773, 0 %, 0 %, 21436 MiB, 24576 MiB
2026/04/23 05:49:10.773, 0 %, 0 %, 21436 MiB, 24576 MiB
2026/04/23 05:49:11.773, 0 %, 0 %, 21436 MiB, 24576 MiB
2026/04/23 05:49:12.774, 0 %, 0 %, 21436 MiB, 24576 MiB
2026/04/23 05:49:13.774, 0 %, 0 %, 21436 MiB, 24576 MiB
2026/04/23 05:49:14.775, 0 %, 0 %, 21436 MiB, 24576 MiB
2026/04/23 05:49:15.775, 0 %, 0 %, 21436 MiB, 24576 MiB
2026/04/23 05:49:16.775, 0 %, 0 %, 21436 MiB, 24576 MiB
2026/04/23 05:49:17.775, 0 %, 0 %, 21436 MiB, 24576 MiB
2026/04/23 05:49:18.776, 0 %, 0 %, 21436 MiB, 24576 MiB
2026/04/23 05:49:19.776, 0 %, 0 %, 21436 MiB, 24576 MiB
2026/04/23 05:49:20.776, 0 %, 0 %, 21436 MiB, 24576 MiB
2026/04/23 05:49:21.776, 0 %, 0 %, 21436 MiB, 24576 MiB
2026/04/23 05:49:22.777, 0 %, 0 %, 21436 MiB, 24576 MiB
2026/04/23 05:49:23.777, 0 %, 0 %, 21436 MiB, 24576 MiB
2026/04/23 05:49:24.777, 0 %, 0 %, 21436 MiB, 24576 MiB
2026/04/23 05:49:25.778, 0 %, 0 %, 21436 MiB, 24576 MiB
2026/04/23 05:49:26.778, 0 %, 0 %, 21436 MiB, 24576 MiB
2026/04/23 05:49:27.778, 0 %, 0 %, 21436 MiB, 24576 MiB
2026/04/23 05:49:28.779, 0 %, 0 %, 21436 MiB, 24576 MiB
2026/04/23 05:49:29.782, 0 %, 0 %, 21436 MiB, 24576 MiB
2026/04/23 05:49:30.782, 0 %, 0 %, 21436 MiB, 24576 MiB
2026/04/23 05:49:31.782, 0 %, 0 %, 21436 MiB, 24576 MiB
2026/04/23 05:49:32.782, 0 %, 0 %, 21436 MiB, 24576 MiB
2026/04/23 05:49:33.783, 0 %, 0 %, 21436 MiB, 24576 MiB
2026/04/23 05:49:34.783, 0 %, 0 %, 21436 MiB, 24576 MiB
2026/04/23 05:49:35.783, 0 %, 0 %, 21436 MiB, 24576 MiB
2026/04/23 05:49:36.783, 0 %, 0 %, 21436 MiB, 24576 MiB
2026/04/23 05:49:37.784, 0 %, 0 %, 21436 MiB, 24576 MiB
2026/04/23 05:49:38.784, 0 %, 0 %, 21436 MiB, 24576 MiB
2026/04/23 05:49:39.784, 0 %, 0 %, 21436 MiB, 24576 MiB
2026/04/23 05:49:40.785, 0 %, 0 %, 21436 MiB, 24576 MiB
2026/04/23 05:49:41.785, 0 %, 0 %, 21436 MiB, 24576 MiB
2026/04/23 05:49:42.786, 0 %, 0 %, 21436 MiB, 24576 MiB
2026/04/23 05:49:43.786, 0 %, 0 %, 21436 MiB, 24576 MiB
2026/04/23 05:49:44.786, 0 %, 0 %, 21436 MiB, 24576 MiB
2026/04/23 05:49:45.792, 0 %, 0 %, 21436 MiB, 24576 MiB
2026/04/23 05:49:46.793, 0 %, 0 %, 21436 MiB, 24576 MiB
2026/04/23 05:49:47.793, 0 %, 0 %, 21436 MiB, 24576 MiB
2026/04/23 05:49:48.794, 0 %, 0 %, 21436 MiB, 24576 MiB
2026/04/23 05:49:49.796, 0 %, 0 %, 21436 MiB, 24576 MiB
2026/04/23 05:49:50.796, 0 %, 0 %, 21436 MiB, 24576 MiB
2026/04/23 05:49:51.796, 0 %, 0 %, 21436 MiB, 24576 MiB
2026/04/23 05:49:52.796, 0 %, 0 %, 21436 MiB, 24576 MiB
2026/04/23 05:49:53.796, 0 %, 0 %, 21436 MiB, 24576 MiB
2026/04/23 05:49:54.797, 0 %, 0 %, 21436 MiB, 24576 MiB
2026/04/23 05:49:55.797, 0 %, 0 %, 21436 MiB, 24576 MiB
2026/04/23 05:49:56.797, 0 %, 0 %, 21436 MiB, 24576 MiB
2026/04/23 05:49:57.797, 0 %, 0 %, 21436 MiB, 24576 MiB
2026/04/23 05:49:58.798, 0 %, 0 %, 21436 MiB, 24576 MiB
2026/04/23 05:49:59.799, 0 %, 0 %, 21436 MiB, 24576 MiB
2026/04/23 05:50:00.800, 0 %, 0 %, 21436 MiB, 24576 MiB
2026/04/23 05:50:01.800, 0 %, 0 %, 21436 MiB, 24576 MiB
2026/04/23 05:50:02.803, 0 %, 0 %, 21436 MiB, 24576 MiB
2026/04/23 05:50:03.803, 0 %, 0 %, 21436 MiB, 24576 MiB
2026/04/23 05:50:04.803, 0 %, 0 %, 21436 MiB, 24576 MiB
2026/04/23 05:50:05.805, 0 %, 0 %, 21436 MiB, 24576 MiB
2026/04/23 05:50:06.805, 0 %, 0 %, 21436 MiB, 24576 MiB
2026/04/23 05:50:07.805, 0 %, 0 %, 21436 MiB, 24576 MiB
2026/04/23 05:50:08.806, 0 %, 0 %, 21436 MiB, 24576 MiB
2026/04/23 05:50:09.806, 0 %, 0 %, 21436 MiB, 24576 MiB
2026/04/23 05:50:10.806, 0 %, 0 %, 21436 MiB, 24576 MiB
2026/04/23 05:50:11.807, 0 %, 0 %, 21436 MiB, 24576 MiB
2026/04/23 05:50:12.807, 0 %, 0 %, 21436 MiB, 24576 MiB
2026/04/23 05:50:13.808, 0 %, 0 %, 21436 MiB, 24576 MiB
2026/04/23 05:50:14.808, 0 %, 0 %, 21436 MiB, 24576 MiB
2026/04/23 05:50:15.810, 0 %, 0 %, 21436 MiB, 24576 MiB
2026/04/23 05:50:16.810, 0 %, 0 %, 21436 MiB, 24576 MiB
2026/04/23 05:50:17.810, 0 %, 0 %, 21436 MiB, 24576 MiB
2026/04/23 05:50:18.811, 0 %, 0 %, 21436 MiB, 24576 MiB
2026/04/23 05:50:19.811, 0 %, 0 %, 21436 MiB, 24576 MiB
2026/04/23 05:50:20.811, 0 %, 0 %, 21436 MiB, 24576 MiB
2026/04/23 05:50:21.817, 0 %, 0 %, 21436 MiB, 24576 MiB
2026/04/23 05:50:22.818, 0 %, 0 %, 21436 MiB, 24576 MiB
2026/04/23 05:50:23.818, 0 %, 0 %, 21436 MiB, 24576 MiB
2026/04/23 05:50:24.818, 0 %, 0 %, 21436 MiB, 24576 MiB
2026/04/23 05:50:25.818, 0 %, 0 %, 21436 MiB, 24576 MiB
2026/04/23 05:50:26.819, 0 %, 0 %, 21436 MiB, 24576 MiB
2026/04/23 05:50:27.820, 0 %, 0 %, 21436 MiB, 24576 MiB
2026/04/23 05:50:28.820, 0 %, 0 %, 21436 MiB, 24576 MiB
2026/04/23 05:50:29.821, 0 %, 0 %, 21436 MiB, 24576 MiB
2026/04/23 05:50:30.821, 0 %, 0 %, 21436 MiB, 24576 MiB
2026/04/23 05:50:31.823, 0 %, 0 %, 21436 MiB, 24576 MiB
2026/04/23 05:50:32.823, 0 %, 0 %, 21436 MiB, 24576 MiB
2026/04/23 05:50:33.823, 0 %, 0 %, 21436 MiB, 24576 MiB
2026/04/23 05:50:34.824, 0 %, 0 %, 21436 MiB, 24576 MiB
2026/04/23 05:50:35.824, 0 %, 0 %, 21436 MiB, 24576 MiB
2026/04/23 05:50:36.825, 0 %, 0 %, 21436 MiB, 24576 MiB
2026/04/23 05:50:37.825, 0 %, 0 %, 21436 MiB, 24576 MiB
2026/04/23 05:50:38.825, 0 %, 0 %, 21436 MiB, 24576 MiB
2026/04/23 05:50:39.825, 0 %, 0 %, 21436 MiB, 24576 MiB
2026/04/23 05:50:40.826, 0 %, 0 %, 21436 MiB, 24576 MiB
2026/04/23 05:50:41.826, 0 %, 0 %, 21436 MiB, 24576 MiB
2026/04/23 05:50:42.826, 0 %, 0 %, 21436 MiB, 24576 MiB
2026/04/23 05:50:43.826, 0 %, 0 %, 21436 MiB, 24576 MiB
2026/04/23 05:50:44.827, 0 %, 0 %, 21436 MiB, 24576 MiB
2026/04/23 05:50:45.827, 0 %, 0 %, 21436 MiB, 24576 MiB
2026/04/23 05:50:46.827, 0 %, 0 %, 21436 MiB, 24576 MiB
2026/04/23 05:50:47.827, 0 %, 0 %, 21436 MiB, 24576 MiB
2026/04/23 05:50:48.827, 0 %, 0 %, 21436 MiB, 24576 MiB
2026/04/23 05:50:49.829, 0 %, 0 %, 21436 MiB, 24576 MiB
2026/04/23 05:50:50.829, 0 %, 0 %, 21436 MiB, 24576 MiB
2026/04/23 05:50:51.830, 0 %, 0 %, 21436 MiB, 24576 MiB
2026/04/23 05:50:52.831, 0 %, 0 %, 21436 MiB, 24576 MiB
2026/04/23 05:50:53.831, 0 %, 0 %, 21436 MiB, 24576 MiB
2026/04/23 05:50:54.831, 0 %, 0 %, 21436 MiB, 24576 MiB
2026/04/23 05:50:55.831, 0 %, 0 %, 21436 MiB, 24576 MiB
2026/04/23 05:50:56.832, 0 %, 0 %, 21436 MiB, 24576 MiB
2026/04/23 05:50:57.832, 0 %, 0 %, 21436 MiB, 24576 MiB
2026/04/23 05:50:58.832, 0 %, 0 %, 21436 MiB, 24576 MiB
2026/04/23 05:50:59.833, 0 %, 0 %, 21436 MiB, 24576 MiB
2026/04/23 05:51:00.834, 0 %, 0 %, 21436 MiB, 24576 MiB
2026/04/23 05:51:01.834, 0 %, 0 %, 21436 MiB, 24576 MiB
2026/04/23 05:51:02.834, 0 %, 0 %, 21436 MiB, 24576 MiB
2026/04/23 05:51:03.834, 0 %, 0 %, 21436 MiB, 24576 MiB
2026/04/23 05:51:04.835, 0 %, 0 %, 21436 MiB, 24576 MiB
2026/04/23 05:51:05.835, 0 %, 0 %, 21436 MiB, 24576 MiB
2026/04/23 05:51:06.836, 0 %, 0 %, 21436 MiB, 24576 MiB
2026/04/23 05:51:07.836, 0 %, 0 %, 21436 MiB, 24576 MiB
2026/04/23 05:51:08.837, 0 %, 0 %, 21436 MiB, 24576 MiB
2026/04/23 05:51:09.837, 0 %, 0 %, 21436 MiB, 24576 MiB
2026/04/23 05:51:10.838, 0 %, 0 %, 21436 MiB, 24576 MiB
2026/04/23 05:51:11.838, 0 %, 0 %, 21436 MiB, 24576 MiB
2026/04/23 05:51:12.841, 0 %, 0 %, 21436 MiB, 24576 MiB
2026/04/23 05:51:13.843, 0 %, 0 %, 21436 MiB, 24576 MiB
2026/04/23 05:51:14.843, 0 %, 0 %, 21436 MiB, 24576 MiB
2026/04/23 05:51:15.843, 0 %, 0 %, 21436 MiB, 24576 MiB
2026/04/23 05:51:16.845, 0 %, 0 %, 21436 MiB, 24576 MiB
2026/04/23 05:51:17.845, 0 %, 0 %, 21436 MiB, 24576 MiB
2026/04/23 05:51:18.845, 0 %, 0 %, 21436 MiB, 24576 MiB
2026/04/23 05:51:19.845, 0 %, 0 %, 21436 MiB, 24576 MiB
2026/04/23 05:51:20.846, 0 %, 0 %, 21436 MiB, 24576 MiB
2026/04/23 05:51:21.846, 0 %, 0 %, 21436 MiB, 24576 MiB
2026/04/23 05:51:22.848, 0 %, 0 %, 21436 MiB, 24576 MiB
2026/04/23 05:51:23.852, 0 %, 0 %, 21436 MiB, 24576 MiB
2026/04/23 05:51:24.853, 0 %, 0 %, 21436 MiB, 24576 MiB
2026/04/23 05:51:25.853, 0 %, 0 %, 21436 MiB, 24576 MiB
2026/04/23 05:51:26.853, 0 %, 0 %, 21436 MiB, 24576 MiB
2026/04/23 05:51:27.854, 0 %, 0 %, 21436 MiB, 24576 MiB
2026/04/23 05:51:28.854, 0 %, 0 %, 21436 MiB, 24576 MiB
2026/04/23 05:51:29.854, 0 %, 0 %, 21436 MiB, 24576 MiB
2026/04/23 05:51:30.855, 0 %, 0 %, 21436 MiB, 24576 MiB
2026/04/23 05:51:31.855, 0 %, 0 %, 21436 MiB, 24576 MiB
2026/04/23 05:51:32.855, 0 %, 0 %, 21436 MiB, 24576 MiB
2026/04/23 05:51:33.855, 0 %, 0 %, 21436 MiB, 24576 MiB
2026/04/23 05:51:34.855, 0 %, 0 %, 21436 MiB, 24576 MiB
2026/04/23 05:51:35.856, 0 %, 0 %, 21436 MiB, 24576 MiB
2026/04/23 05:51:36.856, 0 %, 0 %, 21436 MiB, 24576 MiB
2026/04/23 05:51:37.856, 0 %, 0 %, 21436 MiB, 24576 MiB
2026/04/23 05:51:38.856, 0 %, 0 %, 21436 MiB, 24576 MiB
2026/04/23 05:51:39.857, 0 %, 0 %, 21436 MiB, 24576 MiB
2026/04/23 05:51:40.857, 0 %, 0 %, 21436 MiB, 24576 MiB
2026/04/23 05:51:41.857, 0 %, 0 %, 21436 MiB, 24576 MiB
2026/04/23 05:51:42.857, 0 %, 0 %, 21436 MiB, 24576 MiB
2026/04/23 05:51:43.858, 0 %, 0 %, 21436 MiB, 24576 MiB
2026/04/23 05:51:44.858, 0 %, 0 %, 21436 MiB, 24576 MiB
2026/04/23 05:51:45.858, 0 %, 0 %, 21436 MiB, 24576 MiB
2026/04/23 05:51:46.859, 0 %, 0 %, 21436 MiB, 24576 MiB
2026/04/23 05:51:47.860, 0 %, 0 %, 21436 MiB, 24576 MiB
2026/04/23 05:51:48.860, 0 %, 0 %, 21436 MiB, 24576 MiB
2026/04/23 05:51:49.860, 0 %, 0 %, 21436 MiB, 24576 MiB
2026/04/23 05:51:50.860, 0 %, 0 %, 21436 MiB, 24576 MiB
2026/04/23 05:51:51.861, 0 %, 0 %, 21436 MiB, 24576 MiB
2026/04/23 05:51:52.861, 0 %, 0 %, 21436 MiB, 24576 MiB
2026/04/23 05:51:53.861, 0 %, 0 %, 21436 MiB, 24576 MiB
2026/04/23 05:51:54.861, 0 %, 0 %, 21436 MiB, 24576 MiB
2026/04/23 05:51:55.862, 0 %, 0 %, 21436 MiB, 24576 MiB
2026/04/23 05:51:56.862, 0 %, 0 %, 21436 MiB, 24576 MiB
2026/04/23 05:51:57.862, 0 %, 0 %, 21436 MiB, 24576 MiB
2026/04/23 05:51:58.862, 0 %, 0 %, 21436 MiB, 24576 MiB
2026/04/23 05:51:59.863, 0 %, 0 %, 21436 MiB, 24576 MiB
2026/04/23 05:52:00.863, 0 %, 0 %, 21436 MiB, 24576 MiB
2026/04/23 05:52:01.865, 0 %, 0 %, 21436 MiB, 24576 MiB
2026/04/23 05:52:02.865, 0 %, 0 %, 21436 MiB, 24576 MiB
2026/04/23 05:52:03.865, 0 %, 0 %, 21436 MiB, 24576 MiB
2026/04/23 05:52:04.866, 0 %, 0 %, 21436 MiB, 24576 MiB
2026/04/23 05:52:05.866, 0 %, 0 %, 21436 MiB, 24576 MiB
2026/04/23 05:52:06.876, 0 %, 0 %, 21436 MiB, 24576 MiB
2026/04/23 05:52:07.876, 0 %, 0 %, 21436 MiB, 24576 MiB
2026/04/23 05:52:08.876, 0 %, 0 %, 21436 MiB, 24576 MiB
2026/04/23 05:52:09.876, 0 %, 0 %, 21436 MiB, 24576 MiB
2026/04/23 05:52:10.877, 0 %, 0 %, 21436 MiB, 24576 MiB
2026/04/23 05:52:11.877, 0 %, 0 %, 21436 MiB, 24576 MiB
2026/04/23 05:52:12.877, 0 %, 0 %, 21436 MiB, 24576 MiB
2026/04/23 05:52:13.877, 0 %, 0 %, 21436 MiB, 24576 MiB
2026/04/23 05:52:14.879, 0 %, 0 %, 21436 MiB, 24576 MiB
2026/04/23 05:52:15.879, 0 %, 0 %, 21436 MiB, 24576 MiB
2026/04/23 05:52:16.879, 0 %, 0 %, 21436 MiB, 24576 MiB
2026/04/23 05:52:17.879, 0 %, 0 %, 21436 MiB, 24576 MiB
2026/04/23 05:52:18.880, 0 %, 0 %, 21436 MiB, 24576 MiB
2026/04/23 05:52:19.880, 0 %, 0 %, 21436 MiB, 24576 MiB
2026/04/23 05:52:20.880, 0 %, 0 %, 21436 MiB, 24576 MiB
2026/04/23 05:52:21.880, 0 %, 0 %, 21436 MiB, 24576 MiB
2026/04/23 05:52:22.881, 0 %, 0 %, 21436 MiB, 24576 MiB
2026/04/23 05:52:23.881, 0 %, 0 %, 21436 MiB, 24576 MiB
2026/04/23 05:52:24.881, 0 %, 0 %, 21436 MiB, 24576 MiB
2026/04/23 05:52:25.881, 0 %, 0 %, 21436 MiB, 24576 MiB
2026/04/23 05:52:26.882, 0 %, 0 %, 21436 MiB, 24576 MiB
2026/04/23 05:52:27.882, 0 %, 0 %, 21436 MiB, 24576 MiB
2026/04/23 05:52:28.883, 0 %, 0 %, 21436 MiB, 24576 MiB
2026/04/23 05:52:29.883, 0 %, 0 %, 21436 MiB, 24576 MiB
2026/04/23 05:52:30.885, 0 %, 0 %, 21436 MiB, 24576 MiB
2026/04/23 05:52:31.885, 0 %, 0 %, 21436 MiB, 24576 MiB
2026/04/23 05:52:32.885, 0 %, 0 %, 21436 MiB, 24576 MiB
2026/04/23 05:52:33.885, 0 %, 0 %, 21436 MiB, 24576 MiB
2026/04/23 05:52:34.886, 0 %, 0 %, 21436 MiB, 24576 MiB
2026/04/23 05:52:35.886, 0 %, 0 %, 21436 MiB, 24576 MiB
2026/04/23 05:52:36.892, 0 %, 0 %, 21436 MiB, 24576 MiB
2026/04/23 05:52:37.892, 0 %, 0 %, 21436 MiB, 24576 MiB
2026/04/23 05:52:38.892, 0 %, 0 %, 21436 MiB, 24576 MiB
2026/04/23 05:52:39.893, 0 %, 0 %, 21436 MiB, 24576 MiB
2026/04/23 05:52:40.893, 0 %, 0 %, 21436 MiB, 24576 MiB
2026/04/23 05:52:41.893, 0 %, 0 %, 21436 MiB, 24576 MiB
2026/04/23 05:52:42.894, 0 %, 0 %, 21436 MiB, 24576 MiB
2026/04/23 05:52:43.894, 0 %, 0 %, 21436 MiB, 24576 MiB
2026/04/23 05:52:44.895, 0 %, 0 %, 21436 MiB, 24576 MiB
2026/04/23 05:52:45.895, 0 %, 0 %, 21436 MiB, 24576 MiB
2026/04/23 05:52:46.895, 0 %, 0 %, 21436 MiB, 24576 MiB
2026/04/23 05:52:47.895, 0 %, 0 %, 21436 MiB, 24576 MiB
2026/04/23 05:52:48.895, 0 %, 0 %, 21436 MiB, 24576 MiB
2026/04/23 05:52:49.896, 0 %, 0 %, 21436 MiB, 24576 MiB
2026/04/23 05:52:50.897, 0 %, 0 %, 21436 MiB, 24576 MiB
2026/04/23 05:52:51.897, 0 %, 0 %, 21436 MiB, 24576 MiB
2026/04/23 05:52:52.897, 0 %, 0 %, 21436 MiB, 24576 MiB
2026/04/23 05:52:53.904, 0 %, 0 %, 21436 MiB, 24576 MiB
2026/04/23 05:52:54.904, 0 %, 0 %, 21436 MiB, 24576 MiB
2026/04/23 05:52:55.904, 0 %, 0 %, 21436 MiB, 24576 MiB
2026/04/23 05:52:56.905, 0 %, 0 %, 21436 MiB, 24576 MiB
2026/04/23 05:52:57.905, 0 %, 0 %, 21436 MiB, 24576 MiB
2026/04/23 05:52:58.906, 0 %, 0 %, 21436 MiB, 24576 MiB
2026/04/23 05:52:59.906, 0 %, 0 %, 21436 MiB, 24576 MiB
2026/04/23 05:53:00.906, 0 %, 0 %, 21436 MiB, 24576 MiB
2026/04/23 05:53:01.907, 0 %, 0 %, 21436 MiB, 24576 MiB
2026/04/23 05:53:02.908, 0 %, 0 %, 21436 MiB, 24576 MiB
2026/04/23 05:53:03.908, 0 %, 0 %, 21436 MiB, 24576 MiB
2026/04/23 05:53:04.908, 0 %, 0 %, 21436 MiB, 24576 MiB
2026/04/23 05:53:05.908, 0 %, 0 %, 21436 MiB, 24576 MiB
2026/04/23 05:53:06.909, 0 %, 0 %, 21436 MiB, 24576 MiB
2026/04/23 05:53:07.909, 0 %, 0 %, 21436 MiB, 24576 MiB
2026/04/23 05:53:08.909, 0 %, 0 %, 21436 MiB, 24576 MiB
2026/04/23 05:53:09.910, 0 %, 0 %, 21436 MiB, 24576 MiB
2026/04/23 05:53:10.910, 0 %, 0 %, 21436 MiB, 24576 MiB
2026/04/23 05:53:11.911, 0 %, 0 %, 21436 MiB, 24576 MiB
2026/04/23 05:53:12.913, 0 %, 0 %, 21436 MiB, 24576 MiB
2026/04/23 05:53:13.913, 0 %, 0 %, 21436 MiB, 24576 MiB
2026/04/23 05:53:14.913, 0 %, 0 %, 21436 MiB, 24576 MiB
2026/04/23 05:53:15.914, 0 %, 0 %, 21436 MiB, 24576 MiB
2026/04/23 05:53:16.914, 0 %, 0 %, 21436 MiB, 24576 MiB
2026/04/23 05:53:17.914, 0 %, 0 %, 21436 MiB, 24576 MiB
2026/04/23 05:53:18.916, 0 %, 0 %, 21436 MiB, 24576 MiB
2026/04/23 05:53:19.916, 0 %, 0 %, 21436 MiB, 24576 MiB
2026/04/23 05:53:20.916, 0 %, 0 %, 21436 MiB, 24576 MiB
2026/04/23 05:53:21.917, 0 %, 0 %, 21436 MiB, 24576 MiB
2026/04/23 05:53:22.918, 0 %, 0 %, 21436 MiB, 24576 MiB
2026/04/23 05:53:23.919, 0 %, 0 %, 21436 MiB, 24576 MiB
2026/04/23 05:53:24.920, 0 %, 0 %, 21436 MiB, 24576 MiB
2026/04/23 05:53:25.922, 0 %, 0 %, 21436 MiB, 24576 MiB
2026/04/23 05:53:26.923, 0 %, 0 %, 21436 MiB, 24576 MiB
2026/04/23 05:53:27.924, 0 %, 0 %, 21436 MiB, 24576 MiB
2026/04/23 05:53:28.925, 0 %, 0 %, 21436 MiB, 24576 MiB
2026/04/23 05:53:29.926, 0 %, 0 %, 21436 MiB, 24576 MiB
2026/04/23 05:53:30.928, 0 %, 0 %, 21436 MiB, 24576 MiB
2026/04/23 05:53:31.928, 0 %, 0 %, 21436 MiB, 24576 MiB
2026/04/23 05:53:32.928, 0 %, 0 %, 21436 MiB, 24576 MiB
2026/04/23 05:53:33.928, 0 %, 0 %, 21436 MiB, 24576 MiB
2026/04/23 05:53:34.928, 0 %, 0 %, 21436 MiB, 24576 MiB
2026/04/23 05:53:35.929, 0 %, 0 %, 21436 MiB, 24576 MiB
2026/04/23 05:53:36.929, 0 %, 0 %, 21436 MiB, 24576 MiB
2026/04/23 05:53:37.929, 0 %, 0 %, 21436 MiB, 24576 MiB
2026/04/23 05:53:38.929, 0 %, 0 %, 21436 MiB, 24576 MiB
2026/04/23 05:53:39.930, 0 %, 0 %, 21436 MiB, 24576 MiB
2026/04/23 05:53:40.930, 0 %, 0 %, 21436 MiB, 24576 MiB
2026/04/23 05:53:41.930, 0 %, 0 %, 21436 MiB, 24576 MiB
2026/04/23 05:53:42.930, 0 %, 0 %, 21436 MiB, 24576 MiB
2026/04/23 05:53:43.931, 0 %, 0 %, 21436 MiB, 24576 MiB
2026/04/23 05:53:44.931, 0 %, 0 %, 21436 MiB, 24576 MiB
2026/04/23 05:53:45.931, 0 %, 0 %, 21436 MiB, 24576 MiB
2026/04/23 05:53:46.932, 0 %, 0 %, 21436 MiB, 24576 MiB
2026/04/23 05:53:47.932, 0 %, 0 %, 21436 MiB, 24576 MiB
2026/04/23 05:53:48.932, 0 %, 0 %, 21436 MiB, 24576 MiB
2026/04/23 05:53:49.932, 0 %, 0 %, 21436 MiB, 24576 MiB
2026/04/23 05:53:50.932, 0 %, 0 %, 21436 MiB, 24576 MiB
2026/04/23 05:53:51.933, 0 %, 0 %, 21436 MiB, 24576 MiB
2026/04/23 05:53:52.933, 0 %, 0 %, 21436 MiB, 24576 MiB
2026/04/23 05:53:53.933, 0 %, 0 %, 21436 MiB, 24576 MiB
2026/04/23 05:53:54.935, 0 %, 0 %, 21436 MiB, 24576 MiB
2026/04/23 05:53:55.936, 0 %, 0 %, 21436 MiB, 24576 MiB
2026/04/23 05:53:56.940, 0 %, 0 %, 21436 MiB, 24576 MiB
2026/04/23 05:53:57.940, 0 %, 0 %, 21436 MiB, 24576 MiB
2026/04/23 05:53:58.940, 0 %, 0 %, 21436 MiB, 24576 MiB
2026/04/23 05:53:59.940, 0 %, 0 %, 21436 MiB, 24576 MiB
2026/04/23 05:54:00.941, 0 %, 0 %, 21436 MiB, 24576 MiB
2026/04/23 05:54:01.943, 0 %, 0 %, 21436 MiB, 24576 MiB
2026/04/23 05:54:02.943, 0 %, 0 %, 21436 MiB, 24576 MiB
2026/04/23 05:54:03.944, 0 %, 0 %, 21436 MiB, 24576 MiB
2026/04/23 05:54:04.954, 0 %, 0 %, 21436 MiB, 24576 MiB
2026/04/23 05:54:05.954, 0 %, 0 %, 21436 MiB, 24576 MiB
2026/04/23 05:54:06.955, 0 %, 0 %, 21436 MiB, 24576 MiB
2026/04/23 05:54:07.955, 0 %, 0 %, 21436 MiB, 24576 MiB
2026/04/23 05:54:08.955, 0 %, 0 %, 21436 MiB, 24576 MiB
2026/04/23 05:54:09.956, 0 %, 0 %, 21436 MiB, 24576 MiB
2026/04/23 05:54:10.956, 0 %, 0 %, 21436 MiB, 24576 MiB
2026/04/23 05:54:11.957, 0 %, 0 %, 21436 MiB, 24576 MiB
2026/04/23 05:54:12.957, 0 %, 0 %, 21436 MiB, 24576 MiB
2026/04/23 05:54:13.959, 0 %, 0 %, 21436 MiB, 24576 MiB
2026/04/23 05:54:14.960, 0 %, 0 %, 21436 MiB, 24576 MiB
2026/04/23 05:54:15.960, 0 %, 0 %, 21436 MiB, 24576 MiB
2026/04/23 05:54:16.960, 0 %, 0 %, 21436 MiB, 24576 MiB
2026/04/23 05:54:17.962, 0 %, 0 %, 21436 MiB, 24576 MiB
2026/04/23 05:54:18.962, 0 %, 0 %, 21436 MiB, 24576 MiB
2026/04/23 05:54:19.962, 0 %, 0 %, 21436 MiB, 24576 MiB
2026/04/23 05:54:20.963, 0 %, 0 %, 21436 MiB, 24576 MiB
2026/04/23 05:54:21.963, 0 %, 0 %, 21436 MiB, 24576 MiB
2026/04/23 05:54:22.963, 0 %, 0 %, 21436 MiB, 24576 MiB
2026/04/23 05:54:23.964, 0 %, 0 %, 21436 MiB, 24576 MiB
2026/04/23 05:54:24.964, 0 %, 0 %, 21436 MiB, 24576 MiB
2026/04/23 05:54:25.964, 0 %, 0 %, 21436 MiB, 24576 MiB
2026/04/23 05:54:26.964, 0 %, 0 %, 21436 MiB, 24576 MiB
2026/04/23 05:54:27.965, 0 %, 0 %, 21436 MiB, 24576 MiB
2026/04/23 05:54:28.965, 0 %, 0 %, 21436 MiB, 24576 MiB
2026/04/23 05:54:29.965, 0 %, 0 %, 21436 MiB, 24576 MiB
2026/04/23 05:54:30.966, 0 %, 0 %, 21436 MiB, 24576 MiB
2026/04/23 05:54:31.967, 0 %, 0 %, 21436 MiB, 24576 MiB
2026/04/23 05:54:32.967, 0 %, 0 %, 21436 MiB, 24576 MiB
2026/04/23 05:54:33.967, 0 %, 0 %, 21436 MiB, 24576 MiB
2026/04/23 05:54:34.969, 0 %, 0 %, 21436 MiB, 24576 MiB
2026/04/23 05:54:35.969, 0 %, 0 %, 21436 MiB, 24576 MiB
2026/04/23 05:54:36.970, 0 %, 0 %, 21436 MiB, 24576 MiB
2026/04/23 05:54:37.970, 0 %, 0 %, 21436 MiB, 24576 MiB
2026/04/23 05:54:38.971, 0 %, 0 %, 21436 MiB, 24576 MiB
2026/04/23 05:54:39.971, 0 %, 0 %, 21436 MiB, 24576 MiB
2026/04/23 05:54:40.972, 0 %, 0 %, 21436 MiB, 24576 MiB
2026/04/23 05:54:41.972, 0 %, 0 %, 21436 MiB, 24576 MiB
2026/04/23 05:54:42.974, 0 %, 0 %, 21436 MiB, 24576 MiB
2026/04/23 05:54:43.974, 0 %, 0 %, 21436 MiB, 24576 MiB
2026/04/23 05:54:44.974, 0 %, 0 %, 21436 MiB, 24576 MiB
2026/04/23 05:54:45.974, 0 %, 0 %, 21436 MiB, 24576 MiB
2026/04/23 05:54:46.976, 0 %, 0 %, 21436 MiB, 24576 MiB
2026/04/23 05:54:47.977, 0 %, 0 %, 21436 MiB, 24576 MiB
2026/04/23 05:54:48.978, 0 %, 0 %, 21436 MiB, 24576 MiB
2026/04/23 05:54:49.978, 0 %, 0 %, 21436 MiB, 24576 MiB
2026/04/23 05:54:50.979, 0 %, 0 %, 21436 MiB, 24576 MiB
2026/04/23 05:54:51.980, 0 %, 0 %, 21436 MiB, 24576 MiB
2026/04/23 05:54:52.981, 0 %, 0 %, 21436 MiB, 24576 MiB
2026/04/23 05:54:53.982, 0 %, 0 %, 21436 MiB, 24576 MiB
2026/04/23 05:54:54.983, 0 %, 0 %, 21436 MiB, 24576 MiB
2026/04/23 05:54:55.984, 0 %, 0 %, 21436 MiB, 24576 MiB
2026/04/23 05:54:56.984, 0 %, 0 %, 21436 MiB, 24576 MiB
2026/04/23 05:54:57.985, 0 %, 0 %, 21436 MiB, 24576 MiB
2026/04/23 05:54:58.986, 0 %, 0 %, 21436 MiB, 24576 MiB
2026/04/23 05:54:59.986, 0 %, 0 %, 21436 MiB, 24576 MiB
2026/04/23 05:55:00.987, 0 %, 0 %, 21436 MiB, 24576 MiB
2026/04/23 05:55:01.987, 0 %, 0 %, 21436 MiB, 24576 MiB
2026/04/23 05:55:02.987, 0 %, 0 %, 21436 MiB, 24576 MiB
2026/04/23 05:55:03.987, 0 %, 0 %, 21436 MiB, 24576 MiB
2026/04/23 05:55:04.988, 0 %, 0 %, 21436 MiB, 24576 MiB
2026/04/23 05:55:05.988, 0 %, 0 %, 21436 MiB, 24576 MiB
2026/04/23 05:55:06.988, 0 %, 0 %, 21436 MiB, 24576 MiB
2026/04/23 05:55:07.988, 0 %, 0 %, 21436 MiB, 24576 MiB
2026/04/23 05:55:08.989, 0 %, 0 %, 21436 MiB, 24576 MiB
2026/04/23 05:55:09.989, 0 %, 0 %, 21436 MiB, 24576 MiB
2026/04/23 05:55:10.989, 0 %, 0 %, 21436 MiB, 24576 MiB
2026/04/23 05:55:11.989, 0 %, 0 %, 21436 MiB, 24576 MiB
2026/04/23 05:55:12.993, 0 %, 0 %, 21436 MiB, 24576 MiB
2026/04/23 05:55:13.993, 0 %, 0 %, 21436 MiB, 24576 MiB
2026/04/23 05:55:14.993, 0 %, 0 %, 21436 MiB, 24576 MiB
2026/04/23 05:55:15.993, 0 %, 0 %, 21436 MiB, 24576 MiB
2026/04/23 05:55:16.993, 0 %, 0 %, 21436 MiB, 24576 MiB
2026/04/23 05:55:17.994, 0 %, 0 %, 21436 MiB, 24576 MiB
2026/04/23 05:55:18.995, 0 %, 0 %, 21436 MiB, 24576 MiB
2026/04/23 05:55:19.995, 0 %, 0 %, 21436 MiB, 24576 MiB
2026/04/23 05:55:20.995, 0 %, 0 %, 21436 MiB, 24576 MiB
2026/04/23 05:55:21.995, 0 %, 0 %, 21436 MiB, 24576 MiB
2026/04/23 05:55:23.003, 0 %, 0 %, 21436 MiB, 24576 MiB
2026/04/23 05:55:24.003, 0 %, 0 %, 21436 MiB, 24576 MiB
2026/04/23 05:55:25.003, 0 %, 0 %, 21436 MiB, 24576 MiB
2026/04/23 05:55:26.003, 0 %, 0 %, 21436 MiB, 24576 MiB
2026/04/23 05:55:27.004, 0 %, 0 %, 21436 MiB, 24576 MiB
2026/04/23 05:55:28.004, 0 %, 0 %, 21436 MiB, 24576 MiB
2026/04/23 05:55:29.006, 0 %, 0 %, 21436 MiB, 24576 MiB
2026/04/23 05:55:30.006, 0 %, 0 %, 21436 MiB, 24576 MiB
2026/04/23 05:55:31.006, 100 %, 100 %, 21436 MiB, 24576 MiB
2026/04/23 05:55:32.008, 100 %, 100 %, 21436 MiB, 24576 MiB
2026/04/23 05:55:33.008, 100 %, 100 %, 21436 MiB, 24576 MiB
2026/04/23 05:55:34.008, 100 %, 100 %, 21436 MiB, 24576 MiB
2026/04/23 05:55:35.008, 100 %, 99 %, 21436 MiB, 24576 MiB
2026/04/23 05:55:36.008, 100 %, 99 %, 21436 MiB, 24576 MiB
2026/04/23 05:55:37.009, 100 %, 100 %, 21436 MiB, 24576 MiB
2026/04/23 05:55:38.009, 100 %, 99 %, 21436 MiB, 24576 MiB
2026/04/23 05:55:39.010, 100 %, 99 %, 21436 MiB, 24576 MiB
2026/04/23 05:55:40.010, 100 %, 99 %, 21436 MiB, 24576 MiB
2026/04/23 05:55:41.010, 100 %, 99 %, 21436 MiB, 24576 MiB
2026/04/23 05:55:42.010, 100 %, 99 %, 21436 MiB, 24576 MiB
2026/04/23 05:55:43.010, 100 %, 99 %, 21436 MiB, 24576 MiB
2026/04/23 05:55:44.011, 0 %, 0 %, 21436 MiB, 24576 MiB
2026/04/23 05:55:45.012, 100 %, 100 %, 21436 MiB, 24576 MiB
2026/04/23 05:55:46.012, 100 %, 100 %, 21436 MiB, 24576 MiB
2026/04/23 05:55:47.012, 100 %, 100 %, 21436 MiB, 24576 MiB
2026/04/23 05:55:48.013, 100 %, 100 %, 21436 MiB, 24576 MiB
2026/04/23 05:55:49.013, 100 %, 100 %, 21436 MiB, 24576 MiB
2026/04/23 05:55:50.013, 100 %, 100 %, 21436 MiB, 24576 MiB
2026/04/23 05:55:51.014, 100 %, 99 %, 21436 MiB, 24576 MiB
2026/04/23 05:55:52.014, 100 %, 99 %, 21436 MiB, 24576 MiB
2026/04/23 05:55:53.014, 100 %, 99 %, 21436 MiB, 24576 MiB
2026/04/23 05:55:54.014, 100 %, 99 %, 21436 MiB, 24576 MiB
2026/04/23 05:55:55.015, 100 %, 99 %, 21436 MiB, 24576 MiB
2026/04/23 05:55:56.015, 100 %, 100 %, 21436 MiB, 24576 MiB
2026/04/23 05:55:57.015, 100 %, 99 %, 21436 MiB, 24576 MiB
2026/04/23 05:55:58.016, 100 %, 100 %, 21436 MiB, 24576 MiB
2026/04/23 05:55:59.018, 100 %, 100 %, 21436 MiB, 24576 MiB
2026/04/23 05:56:00.018, 100 %, 99 %, 21436 MiB, 24576 MiB
2026/04/23 05:56:01.023, 100 %, 100 %, 21436 MiB, 24576 MiB
2026/04/23 05:56:02.023, 100 %, 99 %, 21436 MiB, 24576 MiB
2026/04/23 05:56:03.023, 100 %, 100 %, 21436 MiB, 24576 MiB
2026/04/23 05:56:04.025, 0 %, 0 %, 21436 MiB, 24576 MiB
2026/04/23 05:56:05.025, 100 %, 99 %, 21436 MiB, 24576 MiB
2026/04/23 05:56:06.026, 100 %, 99 %, 21436 MiB, 24576 MiB
2026/04/23 05:56:07.027, 100 %, 99 %, 21436 MiB, 24576 MiB
2026/04/23 05:56:08.028, 100 %, 99 %, 21436 MiB, 24576 MiB
2026/04/23 05:56:09.028, 100 %, 99 %, 21436 MiB, 24576 MiB
2026/04/23 05:56:10.028, 100 %, 99 %, 21436 MiB, 24576 MiB
2026/04/23 05:56:11.028, 100 %, 99 %, 21436 MiB, 24576 MiB
2026/04/23 05:56:12.029, 100 %, 99 %, 21436 MiB, 24576 MiB
2026/04/23 05:56:13.029, 100 %, 99 %, 21436 MiB, 24576 MiB
2026/04/23 05:56:14.029, 100 %, 99 %, 21436 MiB, 24576 MiB
2026/04/23 05:56:15.029, 100 %, 99 %, 21436 MiB, 24576 MiB
2026/04/23 05:56:16.030, 100 %, 100 %, 21436 MiB, 24576 MiB
2026/04/23 05:56:17.030, 100 %, 99 %, 21436 MiB, 24576 MiB
2026/04/23 05:56:18.030, 100 %, 100 %, 21436 MiB, 24576 MiB
2026/04/23 05:56:19.030, 100 %, 99 %, 21436 MiB, 24576 MiB
2026/04/23 05:56:20.031, 100 %, 100 %, 21436 MiB, 24576 MiB
2026/04/23 05:56:21.031, 100 %, 100 %, 21436 MiB, 24576 MiB
2026/04/23 05:56:22.031, 100 %, 99 %, 21436 MiB, 24576 MiB
2026/04/23 05:56:23.031, 100 %, 99 %, 21436 MiB, 24576 MiB
2026/04/23 05:56:24.032, 32 %, 33 %, 21436 MiB, 24576 MiB
2026/04/23 05:56:25.032, 100 %, 96 %, 21436 MiB, 24576 MiB
2026/04/23 05:56:26.037, 100 %, 98 %, 21436 MiB, 24576 MiB
2026/04/23 05:56:27.037, 100 %, 99 %, 21436 MiB, 24576 MiB
2026/04/23 05:56:28.038, 100 %, 98 %, 21436 MiB, 24576 MiB
2026/04/23 05:56:29.038, 100 %, 99 %, 21436 MiB, 24576 MiB
2026/04/23 05:56:30.038, 100 %, 99 %, 21436 MiB, 24576 MiB
2026/04/23 05:56:31.038, 100 %, 99 %, 21436 MiB, 24576 MiB
2026/04/23 05:56:32.039, 100 %, 100 %, 21436 MiB, 24576 MiB
2026/04/23 05:56:33.039, 100 %, 99 %, 21436 MiB, 24576 MiB
2026/04/23 05:56:34.039, 100 %, 99 %, 21436 MiB, 24576 MiB
2026/04/23 05:56:35.040, 100 %, 99 %, 21436 MiB, 24576 MiB
2026/04/23 05:56:36.040, 100 %, 99 %, 21436 MiB, 24576 MiB
2026/04/23 05:56:37.040, 100 %, 99 %, 21436 MiB, 24576 MiB
2026/04/23 05:56:38.040, 100 %, 99 %, 21436 MiB, 24576 MiB
2026/04/23 05:56:39.041, 100 %, 99 %, 21436 MiB, 24576 MiB
2026/04/23 05:56:40.041, 100 %, 99 %, 21436 MiB, 24576 MiB
2026/04/23 05:56:41.041, 100 %, 99 %, 21436 MiB, 24576 MiB
2026/04/23 05:56:42.041, 100 %, 99 %, 21436 MiB, 24576 MiB
2026/04/23 05:56:43.042, 100 %, 99 %, 21436 MiB, 24576 MiB
2026/04/23 05:56:44.042, 100 %, 99 %, 21436 MiB, 24576 MiB
2026/04/23 05:56:45.042, 100 %, 99 %, 21436 MiB, 24576 MiB
2026/04/23 05:56:46.051, 100 %, 100 %, 21436 MiB, 24576 MiB
2026/04/23 05:56:47.051, 100 %, 99 %, 21436 MiB, 24576 MiB
2026/04/23 05:56:48.051, 100 %, 99 %, 21436 MiB, 24576 MiB
2026/04/23 05:56:49.055, 100 %, 99 %, 21436 MiB, 24576 MiB
2026/04/23 05:56:50.055, 100 %, 99 %, 21436 MiB, 24576 MiB
2026/04/23 05:56:51.055, 100 %, 99 %, 21436 MiB, 24576 MiB
2026/04/23 05:56:52.056, 100 %, 99 %, 21436 MiB, 24576 MiB
2026/04/23 05:56:53.056, 100 %, 99 %, 21436 MiB, 24576 MiB
2026/04/23 05:56:54.057, 100 %, 99 %, 21436 MiB, 24576 MiB
2026/04/23 05:56:55.057, 100 %, 99 %, 21436 MiB, 24576 MiB
2026/04/23 05:56:56.057, 100 %, 99 %, 21436 MiB, 24576 MiB
2026/04/23 05:56:57.058, 100 %, 99 %, 21436 MiB, 24576 MiB
2026/04/23 05:56:58.058, 100 %, 99 %, 21436 MiB, 24576 MiB
2026/04/23 05:56:59.058, 100 %, 99 %, 21436 MiB, 24576 MiB
2026/04/23 05:57:00.058, 100 %, 99 %, 21436 MiB, 24576 MiB
2026/04/23 05:57:01.059, 100 %, 99 %, 21436 MiB, 24576 MiB
2026/04/23 05:57:02.059, 100 %, 99 %, 21436 MiB, 24576 MiB
2026/04/23 05:57:03.059, 100 %, 99 %, 21436 MiB, 24576 MiB
2026/04/23 05:57:04.060, 100 %, 99 %, 21436 MiB, 24576 MiB
2026/04/23 05:57:05.060, 100 %, 99 %, 21436 MiB, 24576 MiB
2026/04/23 05:57:06.060, 100 %, 99 %, 21436 MiB, 24576 MiB
2026/04/23 05:57:07.060, 100 %, 99 %, 21436 MiB, 24576 MiB
2026/04/23 05:57:08.061, 100 %, 99 %, 21436 MiB, 24576 MiB
2026/04/23 05:57:09.061, 100 %, 99 %, 21436 MiB, 24576 MiB
2026/04/23 05:57:10.062, 100 %, 99 %, 21436 MiB, 24576 MiB
2026/04/23 05:57:11.062, 100 %, 99 %, 21436 MiB, 24576 MiB
2026/04/23 05:57:12.063, 100 %, 99 %, 21436 MiB, 24576 MiB
2026/04/23 05:57:13.063, 100 %, 99 %, 21436 MiB, 24576 MiB
2026/04/23 05:57:14.063, 100 %, 99 %, 21436 MiB, 24576 MiB
2026/04/23 05:57:15.063, 100 %, 99 %, 21436 MiB, 24576 MiB
2026/04/23 05:57:16.064, 100 %, 99 %, 21436 MiB, 24576 MiB
2026/04/23 05:57:17.064, 100 %, 99 %, 21436 MiB, 24576 MiB
2026/04/23 05:57:18.064, 100 %, 99 %, 21436 MiB, 24576 MiB
2026/04/23 05:57:19.064, 100 %, 99 %, 21436 MiB, 24576 MiB
2026/04/23 05:57:20.065, 100 %, 99 %, 21436 MiB, 24576 MiB
2026/04/23 05:57:21.065, 100 %, 99 %, 21436 MiB, 24576 MiB
2026/04/23 05:57:22.065, 100 %, 99 %, 21436 MiB, 24576 MiB
2026/04/23 05:57:23.065, 100 %, 99 %, 21436 MiB, 24576 MiB
2026/04/23 05:57:24.066, 100 %, 99 %, 21436 MiB, 24576 MiB
2026/04/23 05:57:25.066, 100 %, 99 %, 21436 MiB, 24576 MiB
2026/04/23 05:57:26.066, 100 %, 99 %, 21436 MiB, 24576 MiB
2026/04/23 05:57:27.067, 100 %, 99 %, 21436 MiB, 24576 MiB
2026/04/23 05:57:28.067, 100 %, 99 %, 21436 MiB, 24576 MiB
2026/04/23 05:57:29.067, 100 %, 99 %, 21436 MiB, 24576 MiB
2026/04/23 05:57:30.067, 100 %, 99 %, 21436 MiB, 24576 MiB
2026/04/23 05:57:31.068, 100 %, 99 %, 21436 MiB, 24576 MiB
2026/04/23 05:57:32.068, 100 %, 99 %, 21436 MiB, 24576 MiB
2026/04/23 05:57:33.068, 100 %, 99 %, 21436 MiB, 24576 MiB
2026/04/23 05:57:34.068, 100 %, 99 %, 21436 MiB, 24576 MiB
2026/04/23 05:57:35.068, 100 %, 99 %, 21436 MiB, 24576 MiB
2026/04/23 05:57:36.069, 100 %, 98 %, 21436 MiB, 24576 MiB
2026/04/23 05:57:37.069, 100 %, 98 %, 21436 MiB, 24576 MiB
2026/04/23 05:57:38.070, 100 %, 99 %, 21436 MiB, 24576 MiB
2026/04/23 05:57:39.070, 100 %, 99 %, 21436 MiB, 24576 MiB
2026/04/23 05:57:40.070, 100 %, 98 %, 21436 MiB, 24576 MiB
2026/04/23 05:57:41.070, 100 %, 99 %, 21436 MiB, 24576 MiB
2026/04/23 05:57:42.071, 100 %, 98 %, 21436 MiB, 24576 MiB
2026/04/23 05:57:43.071, 100 %, 98 %, 21436 MiB, 24576 MiB
2026/04/23 05:57:44.072, 100 %, 99 %, 21436 MiB, 24576 MiB
2026/04/23 05:57:45.072, 100 %, 98 %, 21436 MiB, 24576 MiB
2026/04/23 05:57:46.072, 100 %, 98 %, 21436 MiB, 24576 MiB
2026/04/23 05:57:47.072, 100 %, 99 %, 21436 MiB, 24576 MiB
2026/04/23 05:57:48.073, 100 %, 99 %, 21436 MiB, 24576 MiB
2026/04/23 05:57:49.073, 100 %, 98 %, 21436 MiB, 24576 MiB
2026/04/23 05:57:50.073, 100 %, 99 %, 21436 MiB, 24576 MiB
2026/04/23 05:57:51.073, 100 %, 99 %, 21436 MiB, 24576 MiB
2026/04/23 05:57:52.074, 100 %, 99 %, 21436 MiB, 24576 MiB
2026/04/23 05:57:53.075, 100 %, 99 %, 21436 MiB, 24576 MiB
2026/04/23 05:57:54.075, 100 %, 99 %, 21436 MiB, 24576 MiB
2026/04/23 05:57:55.075, 100 %, 99 %, 21436 MiB, 24576 MiB
2026/04/23 05:57:56.076, 100 %, 98 %, 21436 MiB, 24576 MiB
2026/04/23 05:57:57.076, 100 %, 98 %, 21436 MiB, 24576 MiB
2026/04/23 05:57:58.076, 100 %, 98 %, 21436 MiB, 24576 MiB
2026/04/23 05:57:59.076, 100 %, 99 %, 21436 MiB, 24576 MiB
2026/04/23 05:58:00.077, 100 %, 98 %, 21436 MiB, 24576 MiB
2026/04/23 05:58:01.077, 100 %, 98 %, 21436 MiB, 24576 MiB
2026/04/23 05:58:02.077, 100 %, 99 %, 21436 MiB, 24576 MiB
2026/04/23 05:58:03.077, 100 %, 99 %, 21436 MiB, 24576 MiB
2026/04/23 05:58:04.077, 100 %, 99 %, 21436 MiB, 24576 MiB
2026/04/23 05:58:05.078, 100 %, 99 %, 21436 MiB, 24576 MiB
2026/04/23 05:58:06.087, 100 %, 98 %, 21436 MiB, 24576 MiB
2026/04/23 05:58:07.087, 100 %, 99 %, 21436 MiB, 24576 MiB
2026/04/23 05:58:08.087, 100 %, 99 %, 21436 MiB, 24576 MiB
2026/04/23 05:58:09.087, 100 %, 99 %, 21436 MiB, 24576 MiB
2026/04/23 05:58:10.087, 100 %, 99 %, 21436 MiB, 24576 MiB
2026/04/23 05:58:11.087, 100 %, 99 %, 21436 MiB, 24576 MiB
2026/04/23 05:58:12.089, 100 %, 99 %, 21436 MiB, 24576 MiB
2026/04/23 05:58:13.089, 100 %, 99 %, 21436 MiB, 24576 MiB
2026/04/23 05:58:14.089, 100 %, 99 %, 21436 MiB, 24576 MiB
2026/04/23 05:58:15.089, 100 %, 99 %, 21436 MiB, 24576 MiB
2026/04/23 05:58:16.090, 100 %, 99 %, 21436 MiB, 24576 MiB
2026/04/23 05:58:17.090, 100 %, 99 %, 21436 MiB, 24576 MiB
2026/04/23 05:58:18.090, 100 %, 99 %, 21436 MiB, 24576 MiB
2026/04/23 05:58:19.090, 100 %, 99 %, 21436 MiB, 24576 MiB
2026/04/23 05:58:20.091, 100 %, 99 %, 21436 MiB, 24576 MiB
2026/04/23 05:58:21.091, 100 %, 99 %, 21436 MiB, 24576 MiB
2026/04/23 05:58:22.091, 100 %, 99 %, 21436 MiB, 24576 MiB
2026/04/23 05:58:23.091, 100 %, 99 %, 21436 MiB, 24576 MiB
2026/04/23 05:58:24.091, 100 %, 99 %, 21436 MiB, 24576 MiB
2026/04/23 05:58:25.092, 100 %, 99 %, 21436 MiB, 24576 MiB
2026/04/23 05:58:26.097, 100 %, 99 %, 21436 MiB, 24576 MiB
2026/04/23 05:58:27.097, 100 %, 99 %, 21436 MiB, 24576 MiB
2026/04/23 05:58:28.097, 100 %, 99 %, 21436 MiB, 24576 MiB
2026/04/23 05:58:29.098, 100 %, 99 %, 21436 MiB, 24576 MiB
2026/04/23 05:58:30.098, 100 %, 99 %, 21436 MiB, 24576 MiB
2026/04/23 05:58:31.099, 100 %, 99 %, 21436 MiB, 24576 MiB
2026/04/23 05:58:32.099, 100 %, 99 %, 21436 MiB, 24576 MiB
2026/04/23 05:58:33.099, 100 %, 98 %, 21436 MiB, 24576 MiB
2026/04/23 05:58:34.101, 100 %, 98 %, 21436 MiB, 24576 MiB
2026/04/23 05:58:35.101, 100 %, 98 %, 21436 MiB, 24576 MiB
2026/04/23 05:58:36.102, 100 %, 98 %, 21436 MiB, 24576 MiB
2026/04/23 05:58:37.104, 100 %, 98 %, 21436 MiB, 24576 MiB
2026/04/23 05:58:38.104, 100 %, 98 %, 21436 MiB, 24576 MiB
2026/04/23 05:58:39.104, 100 %, 98 %, 21436 MiB, 24576 MiB
2026/04/23 05:58:40.105, 100 %, 98 %, 21436 MiB, 24576 MiB
2026/04/23 05:58:41.105, 100 %, 98 %, 21436 MiB, 24576 MiB
2026/04/23 05:58:42.105, 100 %, 98 %, 21436 MiB, 24576 MiB
2026/04/23 05:58:43.106, 100 %, 98 %, 21436 MiB, 24576 MiB
2026/04/23 05:58:44.106, 100 %, 99 %, 21436 MiB, 24576 MiB
2026/04/23 05:58:45.107, 100 %, 98 %, 21436 MiB, 24576 MiB
2026/04/23 05:58:46.108, 100 %, 99 %, 21436 MiB, 24576 MiB
2026/04/23 05:58:47.108, 100 %, 98 %, 21436 MiB, 24576 MiB
2026/04/23 05:58:48.109, 100 %, 98 %, 21436 MiB, 24576 MiB
2026/04/23 05:58:49.110, 100 %, 98 %, 21436 MiB, 24576 MiB
2026/04/23 05:58:50.111, 100 %, 98 %, 21436 MiB, 24576 MiB
2026/04/23 05:58:51.111, 100 %, 98 %, 21436 MiB, 24576 MiB
2026/04/23 05:58:52.111, 100 %, 98 %, 21436 MiB, 24576 MiB
2026/04/23 05:58:53.112, 100 %, 99 %, 21436 MiB, 24576 MiB
2026/04/23 05:58:54.112, 100 %, 99 %, 21436 MiB, 24576 MiB
2026/04/23 05:58:55.112, 100 %, 98 %, 21436 MiB, 24576 MiB
2026/04/23 05:58:56.112, 100 %, 98 %, 21436 MiB, 24576 MiB
2026/04/23 05:58:57.113, 100 %, 98 %, 21436 MiB, 24576 MiB
2026/04/23 05:58:58.113, 100 %, 98 %, 21436 MiB, 24576 MiB
2026/04/23 05:58:59.114, 100 %, 98 %, 21436 MiB, 24576 MiB
2026/04/23 05:59:00.115, 100 %, 98 %, 21436 MiB, 24576 MiB
2026/04/23 05:59:01.115, 100 %, 99 %, 21436 MiB, 24576 MiB
2026/04/23 05:59:02.116, 100 %, 99 %, 21436 MiB, 24576 MiB
2026/04/23 05:59:03.117, 100 %, 98 %, 21436 MiB, 24576 MiB
2026/04/23 05:59:04.117, 100 %, 98 %, 21436 MiB, 24576 MiB
2026/04/23 05:59:05.117, 100 %, 99 %, 21436 MiB, 24576 MiB
2026/04/23 05:59:06.117, 100 %, 99 %, 21436 MiB, 24576 MiB
2026/04/23 05:59:07.118, 100 %, 99 %, 21436 MiB, 24576 MiB
2026/04/23 05:59:08.119, 100 %, 98 %, 21436 MiB, 24576 MiB
2026/04/23 05:59:09.119, 100 %, 98 %, 21436 MiB, 24576 MiB
2026/04/23 05:59:10.119, 100 %, 98 %, 21436 MiB, 24576 MiB
2026/04/23 05:59:11.120, 100 %, 99 %, 21436 MiB, 24576 MiB
2026/04/23 05:59:12.121, 100 %, 99 %, 21436 MiB, 24576 MiB
2026/04/23 05:59:13.121, 100 %, 99 %, 21436 MiB, 24576 MiB
2026/04/23 05:59:14.121, 100 %, 99 %, 21436 MiB, 24576 MiB
2026/04/23 05:59:15.122, 100 %, 99 %, 21436 MiB, 24576 MiB
2026/04/23 05:59:16.123, 100 %, 98 %, 21436 MiB, 24576 MiB
2026/04/23 05:59:17.123, 100 %, 99 %, 21436 MiB, 24576 MiB
2026/04/23 05:59:18.123, 100 %, 99 %, 21436 MiB, 24576 MiB
2026/04/23 05:59:19.124, 100 %, 99 %, 21436 MiB, 24576 MiB
2026/04/23 05:59:20.124, 100 %, 99 %, 21436 MiB, 24576 MiB
2026/04/23 05:59:21.124, 100 %, 99 %, 21436 MiB, 24576 MiB
2026/04/23 05:59:22.125, 100 %, 98 %, 21436 MiB, 24576 MiB
2026/04/23 05:59:23.126, 100 %, 99 %, 21436 MiB, 24576 MiB
2026/04/23 05:59:24.126, 100 %, 99 %, 21436 MiB, 24576 MiB
2026/04/23 05:59:25.126, 100 %, 99 %, 21436 MiB, 24576 MiB
2026/04/23 05:59:26.126, 100 %, 98 %, 21436 MiB, 24576 MiB
2026/04/23 05:59:27.133, 100 %, 98 %, 21436 MiB, 24576 MiB
2026/04/23 05:59:28.134, 100 %, 99 %, 21436 MiB, 24576 MiB
2026/04/23 05:59:29.134, 100 %, 99 %, 21436 MiB, 24576 MiB
2026/04/23 05:59:30.134, 100 %, 99 %, 21436 MiB, 24576 MiB
2026/04/23 05:59:31.135, 100 %, 98 %, 21436 MiB, 24576 MiB
2026/04/23 05:59:32.135, 100 %, 99 %, 21436 MiB, 24576 MiB
2026/04/23 05:59:33.136, 100 %, 99 %, 21436 MiB, 24576 MiB
2026/04/23 05:59:34.136, 100 %, 99 %, 21436 MiB, 24576 MiB
2026/04/23 05:59:35.137, 100 %, 98 %, 21436 MiB, 24576 MiB
2026/04/23 05:59:36.137, 100 %, 98 %, 21436 MiB, 24576 MiB
2026/04/23 05:59:37.137, 100 %, 98 %, 21436 MiB, 24576 MiB
2026/04/23 05:59:38.138, 100 %, 98 %, 21436 MiB, 24576 MiB
2026/04/23 05:59:39.139, 100 %, 99 %, 21436 MiB, 24576 MiB
2026/04/23 05:59:40.139, 100 %, 98 %, 21436 MiB, 24576 MiB
2026/04/23 05:59:41.139, 100 %, 98 %, 21436 MiB, 24576 MiB
2026/04/23 05:59:42.140, 100 %, 98 %, 21436 MiB, 24576 MiB
2026/04/23 05:59:43.140, 100 %, 98 %, 21436 MiB, 24576 MiB
2026/04/23 05:59:44.140, 100 %, 98 %, 21436 MiB, 24576 MiB
2026/04/23 05:59:45.140, 100 %, 97 %, 21436 MiB, 24576 MiB
2026/04/23 05:59:46.140, 100 %, 98 %, 21436 MiB, 24576 MiB
2026/04/23 05:59:47.142, 100 %, 98 %, 21436 MiB, 24576 MiB
2026/04/23 05:59:48.142, 100 %, 98 %, 21436 MiB, 24576 MiB
2026/04/23 05:59:49.142, 100 %, 99 %, 21436 MiB, 24576 MiB
2026/04/23 05:59:50.142, 100 %, 99 %, 21436 MiB, 24576 MiB
2026/04/23 05:59:51.143, 100 %, 99 %, 21436 MiB, 24576 MiB
2026/04/23 05:59:52.144, 100 %, 98 %, 21436 MiB, 24576 MiB
2026/04/23 05:59:53.144, 100 %, 97 %, 21436 MiB, 24576 MiB
2026/04/23 05:59:54.144, 100 %, 98 %, 21436 MiB, 24576 MiB
2026/04/23 05:59:55.145, 100 %, 98 %, 21436 MiB, 24576 MiB
2026/04/23 05:59:56.145, 100 %, 98 %, 21436 MiB, 24576 MiB
2026/04/23 05:59:57.146, 100 %, 97 %, 21436 MiB, 24576 MiB
2026/04/23 05:59:58.146, 100 %, 98 %, 21436 MiB, 24576 MiB
2026/04/23 05:59:59.147, 100 %, 98 %, 21436 MiB, 24576 MiB
2026/04/23 06:00:00.147, 100 %, 99 %, 21436 MiB, 24576 MiB
2026/04/23 06:00:01.150, 100 %, 99 %, 21436 MiB, 24576 MiB
2026/04/23 06:00:02.151, 100 %, 99 %, 21436 MiB, 24576 MiB
2026/04/23 06:00:03.152, 100 %, 98 %, 21436 MiB, 24576 MiB
2026/04/23 06:00:04.152, 100 %, 98 %, 21436 MiB, 24576 MiB
2026/04/23 06:00:05.152, 100 %, 98 %, 21436 MiB, 24576 MiB
2026/04/23 06:00:06.152, 100 %, 98 %, 21436 MiB, 24576 MiB
2026/04/23 06:00:07.155, 100 %, 98 %, 21436 MiB, 24576 MiB
2026/04/23 06:00:08.155, 100 %, 98 %, 21436 MiB, 24576 MiB
2026/04/23 06:00:09.155, 100 %, 98 %, 21436 MiB, 24576 MiB
2026/04/23 06:00:10.155, 100 %, 98 %, 21436 MiB, 24576 MiB
2026/04/23 06:00:11.156, 100 %, 98 %, 21436 MiB, 24576 MiB
2026/04/23 06:00:12.156, 100 %, 98 %, 21436 MiB, 24576 MiB
2026/04/23 06:00:13.156, 100 %, 97 %, 21436 MiB, 24576 MiB
2026/04/23 06:00:14.156, 100 %, 98 %, 21436 MiB, 24576 MiB
2026/04/23 06:00:15.158, 100 %, 98 %, 21436 MiB, 24576 MiB
2026/04/23 06:00:16.158, 100 %, 99 %, 21436 MiB, 24576 MiB
2026/04/23 06:00:17.158, 100 %, 97 %, 21436 MiB, 24576 MiB
2026/04/23 06:00:18.158, 100 %, 99 %, 21436 MiB, 24576 MiB
2026/04/23 06:00:19.159, 100 %, 98 %, 21436 MiB, 24576 MiB
2026/04/23 06:00:20.159, 100 %, 99 %, 21436 MiB, 24576 MiB
2026/04/23 06:00:21.159, 100 %, 98 %, 21436 MiB, 24576 MiB
2026/04/23 06:00:22.159, 100 %, 99 %, 21436 MiB, 24576 MiB
2026/04/23 06:00:23.161, 100 %, 98 %, 21436 MiB, 24576 MiB
2026/04/23 06:00:24.162, 100 %, 99 %, 21436 MiB, 24576 MiB
2026/04/23 06:00:25.162, 100 %, 99 %, 21436 MiB, 24576 MiB
2026/04/23 06:00:26.162, 100 %, 98 %, 21436 MiB, 24576 MiB
2026/04/23 06:00:27.164, 100 %, 98 %, 21436 MiB, 24576 MiB
2026/04/23 06:00:28.164, 100 %, 99 %, 21436 MiB, 24576 MiB
2026/04/23 06:00:29.164, 100 %, 97 %, 21436 MiB, 24576 MiB
2026/04/23 06:00:30.164, 100 %, 97 %, 21436 MiB, 24576 MiB
2026/04/23 06:00:31.165, 100 %, 99 %, 21436 MiB, 24576 MiB
2026/04/23 06:00:32.165, 100 %, 98 %, 21436 MiB, 24576 MiB
2026/04/23 06:00:33.165, 100 %, 99 %, 21436 MiB, 24576 MiB
2026/04/23 06:00:34.166, 100 %, 99 %, 21436 MiB, 24576 MiB
2026/04/23 06:00:35.166, 100 %, 99 %, 21436 MiB, 24576 MiB
2026/04/23 06:00:36.166, 100 %, 97 %, 21436 MiB, 24576 MiB
2026/04/23 06:00:37.168, 100 %, 96 %, 21436 MiB, 24576 MiB
2026/04/23 06:00:38.168, 100 %, 95 %, 21436 MiB, 24576 MiB
2026/04/23 06:00:39.168, 100 %, 95 %, 21436 MiB, 24576 MiB
2026/04/23 06:00:40.177, 100 %, 94 %, 21436 MiB, 24576 MiB
2026/04/23 06:00:41.177, 100 %, 95 %, 21436 MiB, 24576 MiB
2026/04/23 06:00:42.177, 100 %, 96 %, 21436 MiB, 24576 MiB
2026/04/23 06:00:43.178, 100 %, 96 %, 21436 MiB, 24576 MiB
2026/04/23 06:00:44.178, 100 %, 95 %, 21436 MiB, 24576 MiB
2026/04/23 06:00:45.178, 100 %, 95 %, 21436 MiB, 24576 MiB
2026/04/23 06:00:46.178, 100 %, 96 %, 21436 MiB, 24576 MiB
2026/04/23 06:00:47.180, 100 %, 96 %, 21436 MiB, 24576 MiB
2026/04/23 06:00:48.180, 100 %, 96 %, 21436 MiB, 24576 MiB
2026/04/23 06:00:49.180, 100 %, 96 %, 21436 MiB, 24576 MiB
2026/04/23 06:00:50.181, 100 %, 96 %, 21436 MiB, 24576 MiB
2026/04/23 06:00:51.181, 100 %, 95 %, 21436 MiB, 24576 MiB
2026/04/23 06:00:52.181, 100 %, 96 %, 21436 MiB, 24576 MiB
2026/04/23 06:00:53.181, 100 %, 95 %, 21436 MiB, 24576 MiB
2026/04/23 06:00:54.181, 100 %, 95 %, 21436 MiB, 24576 MiB
2026/04/23 06:00:55.182, 100 %, 95 %, 21436 MiB, 24576 MiB
2026/04/23 06:00:56.182, 100 %, 95 %, 21436 MiB, 24576 MiB
2026/04/23 06:00:57.182, 100 %, 95 %, 21436 MiB, 24576 MiB
2026/04/23 06:00:58.183, 100 %, 96 %, 21436 MiB, 24576 MiB
2026/04/23 06:00:59.183, 100 %, 95 %, 21436 MiB, 24576 MiB
2026/04/23 06:01:00.183, 100 %, 95 %, 21436 MiB, 24576 MiB
2026/04/23 06:01:01.183, 100 %, 96 %, 21436 MiB, 24576 MiB
2026/04/23 06:01:02.184, 100 %, 96 %, 21436 MiB, 24576 MiB
2026/04/23 06:01:03.184, 100 %, 96 %, 21436 MiB, 24576 MiB
2026/04/23 06:01:04.185, 100 %, 96 %, 21436 MiB, 24576 MiB
2026/04/23 06:01:05.185, 100 %, 96 %, 21436 MiB, 24576 MiB
2026/04/23 06:01:06.185, 100 %, 96 %, 21436 MiB, 24576 MiB
2026/04/23 06:01:07.189, 100 %, 96 %, 21436 MiB, 24576 MiB
2026/04/23 06:01:08.190, 100 %, 95 %, 21436 MiB, 24576 MiB
2026/04/23 06:01:09.190, 100 %, 95 %, 21436 MiB, 24576 MiB
2026/04/23 06:01:10.190, 100 %, 96 %, 21436 MiB, 24576 MiB
2026/04/23 06:01:11.191, 100 %, 95 %, 21436 MiB, 24576 MiB
2026/04/23 06:01:12.191, 100 %, 95 %, 21436 MiB, 24576 MiB
2026/04/23 06:01:13.192, 100 %, 95 %, 21436 MiB, 24576 MiB
2026/04/23 06:01:14.192, 100 %, 95 %, 21436 MiB, 24576 MiB
2026/04/23 06:01:15.192, 100 %, 95 %, 21436 MiB, 24576 MiB
2026/04/23 06:01:16.193, 100 %, 95 %, 21436 MiB, 24576 MiB
2026/04/23 06:01:17.193, 100 %, 95 %, 21436 MiB, 24576 MiB
2026/04/23 06:01:18.193, 100 %, 96 %, 21436 MiB, 24576 MiB
2026/04/23 06:01:19.193, 100 %, 95 %, 21436 MiB, 24576 MiB
2026/04/23 06:01:20.194, 100 %, 95 %, 21436 MiB, 24576 MiB
2026/04/23 06:01:21.194, 100 %, 96 %, 21436 MiB, 24576 MiB
2026/04/23 06:01:22.195, 100 %, 96 %, 21436 MiB, 24576 MiB
2026/04/23 06:01:23.195, 100 %, 95 %, 21436 MiB, 24576 MiB
2026/04/23 06:01:24.196, 100 %, 95 %, 21436 MiB, 24576 MiB
2026/04/23 06:01:25.196, 100 %, 95 %, 21436 MiB, 24576 MiB
2026/04/23 06:01:26.196, 100 %, 95 %, 21436 MiB, 24576 MiB
2026/04/23 06:01:27.196, 100 %, 95 %, 21436 MiB, 24576 MiB
2026/04/23 06:01:28.196, 100 %, 95 %, 21436 MiB, 24576 MiB
2026/04/23 06:01:29.197, 100 %, 95 %, 21436 MiB, 24576 MiB
2026/04/23 06:01:30.197, 100 %, 95 %, 21436 MiB, 24576 MiB
2026/04/23 06:01:31.197, 100 %, 95 %, 21436 MiB, 24576 MiB
2026/04/23 06:01:32.198, 100 %, 95 %, 21436 MiB, 24576 MiB
2026/04/23 06:01:33.198, 100 %, 95 %, 21436 MiB, 24576 MiB
2026/04/23 06:01:34.205, 100 %, 97 %, 21436 MiB, 24576 MiB
2026/04/23 06:01:35.205, 100 %, 99 %, 21436 MiB, 24576 MiB
2026/04/23 06:01:36.205, 0 %, 0 %, 21436 MiB, 24576 MiB
2026/04/23 06:01:37.206, 0 %, 0 %, 21436 MiB, 24576 MiB
2026/04/23 06:01:38.206, 0 %, 0 %, 21436 MiB, 24576 MiB
2026/04/23 06:01:39.206, 0 %, 0 %, 21436 MiB, 24576 MiB
2026/04/23 06:01:40.206, 0 %, 0 %, 21436 MiB, 24576 MiB
2026/04/23 06:01:41.206, 0 %, 0 %, 21436 MiB, 24576 MiB
2026/04/23 06:01:42.207, 0 %, 0 %, 21436 MiB, 24576 MiB
2026/04/23 06:01:43.208, 0 %, 0 %, 21436 MiB, 24576 MiB
2026/04/23 06:01:44.208, 0 %, 0 %, 21436 MiB, 24576 MiB
2026/04/23 06:01:45.208, 0 %, 0 %, 21436 MiB, 24576 MiB
2026/04/23 06:01:46.209, 0 %, 0 %, 21436 MiB, 24576 MiB
2026/04/23 06:01:47.209, 0 %, 0 %, 21436 MiB, 24576 MiB
2026/04/23 06:01:48.209, 0 %, 0 %, 21436 MiB, 24576 MiB
2026/04/23 06:01:49.209, 0 %, 0 %, 21436 MiB, 24576 MiB
2026/04/23 06:01:50.209, 0 %, 0 %, 21436 MiB, 24576 MiB
2026/04/23 06:01:51.210, 0 %, 0 %, 21436 MiB, 24576 MiB
2026/04/23 06:01:52.211, 0 %, 0 %, 21436 MiB, 24576 MiB
2026/04/23 06:01:53.211, 0 %, 0 %, 21436 MiB, 24576 MiB
2026/04/23 06:01:54.211, 0 %, 0 %, 21436 MiB, 24576 MiB
2026/04/23 06:01:55.212, 0 %, 0 %, 21436 MiB, 24576 MiB
2026/04/23 06:01:56.212, 0 %, 0 %, 21436 MiB, 24576 MiB
2026/04/23 06:01:57.212, 0 %, 0 %, 21436 MiB, 24576 MiB
2026/04/23 06:01:58.212, 0 %, 0 %, 21436 MiB, 24576 MiB
2026/04/23 06:01:59.213, 0 %, 0 %, 21436 MiB, 24576 MiB
2026/04/23 06:02:00.213, 0 %, 0 %, 21436 MiB, 24576 MiB
2026/04/23 06:02:01.213, 0 %, 0 %, 21436 MiB, 24576 MiB
2026/04/23 06:02:02.215, 0 %, 0 %, 21436 MiB, 24576 MiB
2026/04/23 06:02:03.215, 0 %, 0 %, 21436 MiB, 24576 MiB
2026/04/23 06:02:04.215, 0 %, 0 %, 21436 MiB, 24576 MiB
2026/04/23 06:02:05.215, 0 %, 0 %, 21436 MiB, 24576 MiB
2026/04/23 06:02:06.215, 0 %, 0 %, 21436 MiB, 24576 MiB
2026/04/23 06:02:07.217, 0 %, 0 %, 21436 MiB, 24576 MiB
2026/04/23 06:02:08.217, 0 %, 0 %, 21436 MiB, 24576 MiB
2026/04/23 06:02:09.217, 0 %, 0 %, 21436 MiB, 24576 MiB
2026/04/23 06:02:10.219, 0 %, 0 %, 21436 MiB, 24576 MiB
2026/04/23 06:02:11.220, 0 %, 0 %, 21436 MiB, 24576 MiB
2026/04/23 06:02:12.220, 0 %, 0 %, 21436 MiB, 24576 MiB
2026/04/23 06:02:13.221, 0 %, 0 %, 21436 MiB, 24576 MiB
2026/04/23 06:02:14.221, 0 %, 0 %, 21436 MiB, 24576 MiB
2026/04/23 06:02:15.221, 0 %, 0 %, 21436 MiB, 24576 MiB
2026/04/23 06:02:16.221, 0 %, 0 %, 21436 MiB, 24576 MiB
2026/04/23 06:02:17.222, 0 %, 0 %, 21436 MiB, 24576 MiB
2026/04/23 06:02:18.222, 0 %, 0 %, 21436 MiB, 24576 MiB
2026/04/23 06:02:19.222, 0 %, 0 %, 21436 MiB, 24576 MiB
2026/04/23 06:02:20.222, 0 %, 0 %, 21436 MiB, 24576 MiB
2026/04/23 06:02:21.222, 0 %, 0 %, 21436 MiB, 24576 MiB
2026/04/23 06:02:22.223, 0 %, 0 %, 21436 MiB, 24576 MiB
2026/04/23 06:02:23.223, 0 %, 0 %, 21436 MiB, 24576 MiB
2026/04/23 06:02:24.223, 0 %, 0 %, 21436 MiB, 24576 MiB
2026/04/23 06:02:25.223, 0 %, 0 %, 21436 MiB, 24576 MiB
2026/04/23 06:02:26.223, 0 %, 0 %, 21436 MiB, 24576 MiB
2026/04/23 06:02:27.225, 0 %, 0 %, 21436 MiB, 24576 MiB
2026/04/23 06:02:28.226, 0 %, 0 %, 21436 MiB, 24576 MiB
2026/04/23 06:02:29.226, 0 %, 0 %, 21436 MiB, 24576 MiB
2026/04/23 06:02:30.226, 0 %, 0 %, 21436 MiB, 24576 MiB
2026/04/23 06:02:31.226, 0 %, 0 %, 21436 MiB, 24576 MiB
2026/04/23 06:02:32.228, 0 %, 0 %, 21436 MiB, 24576 MiB
2026/04/23 06:02:33.228, 0 %, 0 %, 21436 MiB, 24576 MiB
2026/04/23 06:02:34.229, 0 %, 0 %, 21436 MiB, 24576 MiB
2026/04/23 06:02:35.229, 0 %, 0 %, 21436 MiB, 24576 MiB
2026/04/23 06:02:36.230, 0 %, 0 %, 21436 MiB, 24576 MiB
2026/04/23 06:02:37.235, 0 %, 0 %, 21436 MiB, 24576 MiB
2026/04/23 06:02:38.236, 0 %, 0 %, 21436 MiB, 24576 MiB
2026/04/23 06:02:39.236, 0 %, 0 %, 21436 MiB, 24576 MiB
2026/04/23 06:02:40.238, 0 %, 0 %, 21436 MiB, 24576 MiB
2026/04/23 06:02:41.238, 0 %, 0 %, 21436 MiB, 24576 MiB
2026/04/23 06:02:42.240, 0 %, 0 %, 21436 MiB, 24576 MiB
2026/04/23 06:02:43.240, 0 %, 0 %, 21436 MiB, 24576 MiB
2026/04/23 06:02:44.241, 0 %, 0 %, 21436 MiB, 24576 MiB
2026/04/23 06:02:45.241, 0 %, 0 %, 21436 MiB, 24576 MiB
2026/04/23 06:02:46.242, 0 %, 0 %, 21436 MiB, 24576 MiB
2026/04/23 06:02:47.242, 0 %, 0 %, 21436 MiB, 24576 MiB
2026/04/23 06:02:48.244, 0 %, 0 %, 21436 MiB, 24576 MiB
2026/04/23 06:02:49.244, 0 %, 0 %, 21436 MiB, 24576 MiB
2026/04/23 06:02:50.245, 0 %, 0 %, 21436 MiB, 24576 MiB
2026/04/23 06:02:51.246, 0 %, 0 %, 21436 MiB, 24576 MiB
2026/04/23 06:02:52.247, 0 %, 0 %, 21436 MiB, 24576 MiB
2026/04/23 06:02:53.247, 0 %, 0 %, 21436 MiB, 24576 MiB
2026/04/23 06:02:54.248, 0 %, 0 %, 21436 MiB, 24576 MiB
2026/04/23 06:02:55.248, 0 %, 0 %, 21436 MiB, 24576 MiB
2026/04/23 06:02:56.249, 0 %, 0 %, 21436 MiB, 24576 MiB
2026/04/23 06:02:57.250, 0 %, 0 %, 21436 MiB, 24576 MiB
2026/04/23 06:02:58.251, 0 %, 0 %, 21436 MiB, 24576 MiB
2026/04/23 06:02:59.251, 0 %, 0 %, 21436 MiB, 24576 MiB
2026/04/23 06:03:00.251, 0 %, 0 %, 21436 MiB, 24576 MiB
2026/04/23 06:03:01.253, 0 %, 0 %, 21436 MiB, 24576 MiB
2026/04/23 06:03:02.253, 0 %, 0 %, 21436 MiB, 24576 MiB
2026/04/23 06:03:03.253, 0 %, 0 %, 21436 MiB, 24576 MiB
2026/04/23 06:03:04.254, 0 %, 0 %, 21436 MiB, 24576 MiB
2026/04/23 06:03:05.254, 0 %, 0 %, 21436 MiB, 24576 MiB
2026/04/23 06:03:06.256, 0 %, 0 %, 21436 MiB, 24576 MiB
2026/04/23 06:03:07.256, 0 %, 0 %, 21436 MiB, 24576 MiB
2026/04/23 06:03:08.257, 0 %, 0 %, 21436 MiB, 24576 MiB
2026/04/23 06:03:09.257, 0 %, 0 %, 21436 MiB, 24576 MiB
2026/04/23 06:03:10.257, 0 %, 0 %, 21436 MiB, 24576 MiB
2026/04/23 06:03:11.258, 0 %, 0 %, 21436 MiB, 24576 MiB
2026/04/23 06:03:12.258, 0 %, 0 %, 21436 MiB, 24576 MiB
2026/04/23 06:03:13.260, 0 %, 0 %, 21436 MiB, 24576 MiB
2026/04/23 06:03:14.261, 0 %, 0 %, 21436 MiB, 24576 MiB
2026/04/23 06:03:15.261, 0 %, 0 %, 21436 MiB, 24576 MiB
2026/04/23 06:03:16.264, 0 %, 0 %, 21436 MiB, 24576 MiB
2026/04/23 06:03:17.264, 0 %, 0 %, 21436 MiB, 24576 MiB
2026/04/23 06:03:18.266, 0 %, 0 %, 21436 MiB, 24576 MiB
2026/04/23 06:03:19.266, 0 %, 0 %, 21436 MiB, 24576 MiB
2026/04/23 06:03:20.267, 0 %, 0 %, 21436 MiB, 24576 MiB
2026/04/23 06:03:21.267, 0 %, 0 %, 21436 MiB, 24576 MiB
2026/04/23 06:03:22.268, 0 %, 0 %, 21436 MiB, 24576 MiB
2026/04/23 06:03:23.268, 0 %, 0 %, 21436 MiB, 24576 MiB
2026/04/23 06:03:24.268, 0 %, 0 %, 21436 MiB, 24576 MiB
2026/04/23 06:03:25.269, 0 %, 0 %, 21436 MiB, 24576 MiB
2026/04/23 06:03:26.270, 0 %, 0 %, 21436 MiB, 24576 MiB
2026/04/23 06:03:27.271, 0 %, 0 %, 21436 MiB, 24576 MiB
2026/04/23 06:03:28.272, 0 %, 0 %, 21436 MiB, 24576 MiB
2026/04/23 06:03:29.274, 0 %, 0 %, 21436 MiB, 24576 MiB
2026/04/23 06:03:30.274, 0 %, 0 %, 21436 MiB, 24576 MiB
2026/04/23 06:03:31.274, 0 %, 0 %, 21436 MiB, 24576 MiB
2026/04/23 06:03:32.274, 0 %, 0 %, 21436 MiB, 24576 MiB
2026/04/23 06:03:33.274, 0 %, 0 %, 21436 MiB, 24576 MiB
2026/04/23 06:03:34.276, 0 %, 0 %, 21436 MiB, 24576 MiB
2026/04/23 06:03:35.276, 0 %, 0 %, 21436 MiB, 24576 MiB
2026/04/23 06:03:36.277, 0 %, 0 %, 21436 MiB, 24576 MiB
2026/04/23 06:03:37.277, 0 %, 0 %, 21436 MiB, 24576 MiB
2026/04/23 06:03:38.279, 0 %, 0 %, 21436 MiB, 24576 MiB
2026/04/23 06:03:39.279, 0 %, 0 %, 21436 MiB, 24576 MiB
2026/04/23 06:03:40.279, 0 %, 0 %, 21436 MiB, 24576 MiB
2026/04/23 06:03:41.279, 0 %, 0 %, 21436 MiB, 24576 MiB
2026/04/23 06:03:42.281, 0 %, 0 %, 21436 MiB, 24576 MiB
2026/04/23 06:03:43.281, 0 %, 0 %, 21436 MiB, 24576 MiB
2026/04/23 06:03:44.282, 0 %, 0 %, 21436 MiB, 24576 MiB
2026/04/23 06:03:45.282, 0 %, 0 %, 21436 MiB, 24576 MiB
2026/04/23 06:03:46.283, 0 %, 0 %, 21436 MiB, 24576 MiB
2026/04/23 06:03:47.284, 0 %, 0 %, 21436 MiB, 24576 MiB
2026/04/23 06:03:48.286, 0 %, 0 %, 21436 MiB, 24576 MiB
2026/04/23 06:03:49.286, 0 %, 0 %, 21436 MiB, 24576 MiB
2026/04/23 06:03:50.382, 0 %, 0 %, 21436 MiB, 24576 MiB
2026/04/23 06:03:51.383, 0 %, 0 %, 21436 MiB, 24576 MiB
2026/04/23 06:03:52.383, 0 %, 0 %, 21436 MiB, 24576 MiB
2026/04/23 06:03:53.384, 0 %, 0 %, 21436 MiB, 24576 MiB
2026/04/23 06:03:54.384, 0 %, 0 %, 21436 MiB, 24576 MiB
2026/04/23 06:03:55.384, 0 %, 0 %, 21436 MiB, 24576 MiB
2026/04/23 06:03:56.384, 0 %, 0 %, 21436 MiB, 24576 MiB
2026/04/23 06:03:57.385, 0 %, 0 %, 21436 MiB, 24576 MiB
2026/04/23 06:03:58.385, 0 %, 0 %, 21436 MiB, 24576 MiB
2026/04/23 06:03:59.385, 0 %, 0 %, 21436 MiB, 24576 MiB
2026/04/23 06:04:00.385, 0 %, 0 %, 21436 MiB, 24576 MiB
2026/04/23 06:04:01.386, 0 %, 0 %, 21436 MiB, 24576 MiB
2026/04/23 06:04:02.386, 0 %, 0 %, 21436 MiB, 24576 MiB
2026/04/23 06:04:03.386, 0 %, 0 %, 21436 MiB, 24576 MiB
2026/04/23 06:04:04.386, 0 %, 0 %, 21436 MiB, 24576 MiB
2026/04/23 06:04:05.386, 0 %, 0 %, 21436 MiB, 24576 MiB
2026/04/23 06:04:06.387, 0 %, 0 %, 21436 MiB, 24576 MiB
2026/04/23 06:04:07.387, 0 %, 0 %, 21436 MiB, 24576 MiB
2026/04/23 06:04:08.387, 0 %, 0 %, 21436 MiB, 24576 MiB
2026/04/23 06:04:09.387, 0 %, 0 %, 21436 MiB, 24576 MiB
2026/04/23 06:04:10.387, 0 %, 0 %, 21436 MiB, 24576 MiB
2026/04/23 06:04:11.387, 0 %, 0 %, 21436 MiB, 24576 MiB
2026/04/23 06:04:12.388, 0 %, 0 %, 21436 MiB, 24576 MiB
2026/04/23 06:04:13.388, 0 %, 0 %, 21436 MiB, 24576 MiB
2026/04/23 06:04:14.388, 0 %, 0 %, 21436 MiB, 24576 MiB
2026/04/23 06:04:15.388, 0 %, 0 %, 21436 MiB, 24576 MiB
2026/04/23 06:04:16.389, 0 %, 0 %, 21436 MiB, 24576 MiB
2026/04/23 06:04:17.389, 0 %, 0 %, 21436 MiB, 24576 MiB
2026/04/23 06:04:18.389, 0 %, 0 %, 21436 MiB, 24576 MiB
2026/04/23 06:04:19.389, 0 %, 0 %, 21436 MiB, 24576 MiB
2026/04/23 06:04:20.392, 0 %, 0 %, 21436 MiB, 24576 MiB
2026/04/23 06:04:21.392, 0 %, 0 %, 21436 MiB, 24576 MiB
2026/04/23 06:04:22.392, 0 %, 0 %, 21436 MiB, 24576 MiB
2026/04/23 06:04:23.393, 0 %, 0 %, 21436 MiB, 24576 MiB
2026/04/23 06:04:24.393, 0 %, 0 %, 21436 MiB, 24576 MiB
2026/04/23 06:04:25.393, 0 %, 0 %, 21436 MiB, 24576 MiB
2026/04/23 06:04:26.394, 0 %, 0 %, 21436 MiB, 24576 MiB
2026/04/23 06:04:27.394, 0 %, 0 %, 21436 MiB, 24576 MiB
2026/04/23 06:04:28.394, 0 %, 0 %, 21436 MiB, 24576 MiB
2026/04/23 06:04:29.394, 0 %, 0 %, 21436 MiB, 24576 MiB
2026/04/23 06:04:30.394, 0 %, 0 %, 21436 MiB, 24576 MiB
